seed,condition,label,score
42,clean,0,3.7201029789652607
42,clean,0,3.84876425392427
42,clean,0,4.097139478875457
42,clean,0,3.5075664726816407
42,clean,0,3.5427121178759604
42,clean,0,3.4348038168919013
42,clean,0,3.3545473019718792
42,clean,0,3.9069154064514566
42,clean,0,3.7127048564888887
42,clean,0,3.6143036718914057
42,clean,0,3.6406251688422246
42,clean,0,4.389623953239327
42,clean,0,3.7029482114393297
42,clean,0,3.771758263316396
42,clean,0,4.059243578296552
42,random_direction,1,6.339353696393328
42,random_direction,1,5.704491791610235
42,random_direction,1,5.9896480275916915
42,random_direction,1,6.091419917029433
42,random_direction,1,6.142322907389404
42,random_direction,1,5.746903627148503
42,random_direction,1,6.04935566856176
42,random_direction,1,6.3094769681039535
42,random_direction,1,6.271674064368003
42,random_direction,1,6.212399463299555
42,random_direction,1,6.2549896929702875
42,random_direction,1,5.611985352614091
42,random_direction,1,6.612940360616249
42,random_direction,1,6.4890326252505455
42,random_direction,1,5.934052039740295
42,constrained_optimized,1,5.749569909413314
42,constrained_optimized,1,6.137974896292467
42,constrained_optimized,1,5.864259648350904
42,constrained_optimized,1,6.17813569758492
42,constrained_optimized,1,6.397160707043191
42,constrained_optimized,1,6.1701800736989085
42,constrained_optimized,1,5.364968831477461
42,constrained_optimized,1,5.7154541506281955
42,constrained_optimized,1,6.083168354971979
42,constrained_optimized,1,6.371211827854957
42,constrained_optimized,1,5.8043890559151174
42,constrained_optimized,1,6.6803918652112495
42,constrained_optimized,1,5.695243403592214
42,constrained_optimized,1,5.760576466980856
42,constrained_optimized,1,6.353528243869757
43,clean,0,4.083951578928515
43,clean,0,4.371780281259746
43,clean,0,3.890661875843011
43,clean,0,3.306866870151513
43,clean,0,4.159429546978739
43,clean,0,3.8208711691761432
43,clean,0,4.3422372360387875
43,clean,0,3.6430408039513655
43,clean,0,4.1311795268016835
43,clean,0,3.412681348171436
43,clean,0,4.104421695883073
43,clean,0,4.25935280013516
43,clean,0,3.919027774648037
43,clean,0,4.162653068223013
43,clean,0,4.109789632783425
43,random_direction,1,7.286665670850572
43,random_direction,1,5.553104068715382
43,random_direction,1,5.46517457569596
43,random_direction,1,6.328898853641962
43,random_direction,1,6.711862119274945
43,random_direction,1,6.250805152667578
43,random_direction,1,6.005790512861553
43,random_direction,1,6.408028255309483
43,random_direction,1,6.783938615087683
43,random_direction,1,6.379374140869151
43,random_direction,1,6.340887275936231
43,random_direction,1,6.962825376282182
43,random_direction,1,6.090448951565646
43,random_direction,1,5.842963234714023
43,random_direction,1,6.036852003316673
43,constrained_optimized,1,5.352709342660618
43,constrained_optimized,1,6.006072974217926
43,constrained_optimized,1,6.009437236883072
43,constrained_optimized,1,6.028084907060588
43,constrained_optimized,1,6.044828947086455
43,constrained_optimized,1,5.71624368740471
43,constrained_optimized,1,5.969930226646223
43,constrained_optimized,1,6.005890104815135
43,constrained_optimized,1,5.8101365432831935
43,constrained_optimized,1,5.972626196740609
43,constrained_optimized,1,5.190050282701792
43,constrained_optimized,1,6.255295464413903
43,constrained_optimized,1,4.616431915294911
43,constrained_optimized,1,6.005925881794243
43,constrained_optimized,1,5.923746073641325
44,clean,0,4.186766769301719
44,clean,0,3.9988983219286545
44,clean,0,3.6434628198064356
44,clean,0,3.4637417296450748
44,clean,0,3.3921955155732757
44,clean,0,3.4437014972395525
44,clean,0,3.8665926034580242
44,clean,0,3.9667263045147623
44,clean,0,4.250140478384563
44,clean,0,3.7172531997967893
44,clean,0,3.6578835988500553
44,clean,0,3.9783955864869265
44,clean,0,3.837711920429552
44,clean,0,4.428134136391122
44,clean,0,4.255039465625465
44,random_direction,1,6.6365591136720665
44,random_direction,1,6.33431172810367
44,random_direction,1,6.546647287330417
44,random_direction,1,5.96510959747128
44,random_direction,1,6.195609323333361
44,random_direction,1,7.073599849927471
44,random_direction,1,6.093197958668447
44,random_direction,1,6.081424714532087
44,random_direction,1,7.072906448981471
44,random_direction,1,6.742267814578839
44,random_direction,1,6.67552852271327
44,random_direction,1,6.649886840560337
44,random_direction,1,6.886981769804512
44,random_direction,1,5.856951138498998
44,random_direction,1,6.7598395167114855
44,constrained_optimized,1,5.868775261107172
44,constrained_optimized,1,5.48690066165211
44,constrained_optimized,1,5.464983936405855
44,constrained_optimized,1,5.7312556639102565
44,constrained_optimized,1,5.665238661609058
44,constrained_optimized,1,6.098976761861606
44,constrained_optimized,1,6.223698123108024
44,constrained_optimized,1,5.9759555707478125
44,constrained_optimized,1,6.616825236739595
44,constrained_optimized,1,6.01190697178424
44,constrained_optimized,1,5.6263311019658895
44,constrained_optimized,1,5.878947449968818
44,constrained_optimized,1,6.116415937474877
44,constrained_optimized,1,6.0092943187393955
44,constrained_optimized,1,5.711899413746422
45,clean,0,4.203854976516854
45,clean,0,3.655265161606184
45,clean,0,3.6191037026224446
45,clean,0,3.8584049154370628
45,clean,0,4.241280705001492
45,clean,0,4.209821894423784
45,clean,0,3.9373230629026725
45,clean,0,3.6473236574585695
45,clean,0,4.181757406770269
45,clean,0,3.1544463126963884
45,clean,0,4.507701518418614
45,clean,0,4.050179185158432
45,clean,0,3.4364773931429435
45,clean,0,3.4771728995260456
45,clean,0,3.3703045395695357
45,random_direction,1,5.695436406941199
45,random_direction,1,6.867138388112684
45,random_direction,1,6.09585945612744
45,random_direction,1,6.169511392300176
45,random_direction,1,6.234943494295979
45,random_direction,1,6.366970086443681
45,random_direction,1,6.1326533535130565
45,random_direction,1,6.658952841761197
45,random_direction,1,5.984217627599615
45,random_direction,1,6.510144078125917
45,random_direction,1,5.924124372224475
45,random_direction,1,6.948019044827466
45,random_direction,1,6.009571109357151
45,random_direction,1,7.249875909830456
45,random_direction,1,5.850137580125411
45,constrained_optimized,1,5.477499597098039
45,constrained_optimized,1,5.984866489792193
45,constrained_optimized,1,6.640553419695265
45,constrained_optimized,1,5.971633528580821
45,constrained_optimized,1,5.582218577893927
45,constrained_optimized,1,5.622688796600649
45,constrained_optimized,1,5.545701317031392
45,constrained_optimized,1,5.125505287029525
45,constrained_optimized,1,5.726389084624121
45,constrained_optimized,1,4.900939937841523
45,constrained_optimized,1,5.690880779976904
45,constrained_optimized,1,5.965929208475834
45,constrained_optimized,1,5.780962978614513
45,constrained_optimized,1,5.262325067377095
45,constrained_optimized,1,5.409341608007621
46,clean,0,3.904551320812885
46,clean,0,4.26089050475854
46,clean,0,3.449390483479249
46,clean,0,3.9566309826647745
46,clean,0,3.935747005127247
46,clean,0,4.490824873942802
46,clean,0,3.979923883539423
46,clean,0,3.4507990781919315
46,clean,0,3.675359870991186
46,clean,0,4.373660089102878
46,clean,0,3.6605196019983572
46,clean,0,3.827421927658547
46,clean,0,3.926034570365107
46,clean,0,3.828128526046797
46,clean,0,4.011958396067466
46,random_direction,1,6.200200791847251
46,random_direction,1,6.844838839945867
46,random_direction,1,5.597040585541853
46,random_direction,1,6.245802540634643
46,random_direction,1,5.94321053605508
46,random_direction,1,5.685654965885434
46,random_direction,1,6.637384244993467
46,random_direction,1,5.897674752615023
46,random_direction,1,6.323676604062272
46,random_direction,1,5.920491585295763
46,random_direction,1,6.504671397956262
46,random_direction,1,6.100413476935597
46,random_direction,1,6.259675885270056
46,random_direction,1,5.89442222184553
46,random_direction,1,6.411702359326595
46,constrained_optimized,1,5.159350426279489
46,constrained_optimized,1,5.449828991233676
46,constrained_optimized,1,5.377013097172519
46,constrained_optimized,1,4.428206221383614
46,constrained_optimized,1,5.719865568655938
46,constrained_optimized,1,5.550122630073278
46,constrained_optimized,1,5.092926593748607
46,constrained_optimized,1,5.134459307791415
46,constrained_optimized,1,5.923409779081473
46,constrained_optimized,1,4.893376563097829
46,constrained_optimized,1,6.118639494262401
46,constrained_optimized,1,5.287859797483232
46,constrained_optimized,1,5.41160089043782
46,constrained_optimized,1,5.2118834267136505
46,constrained_optimized,1,4.914150530720622
