seed,noise_p,zz_scale,condition,label,delta_pilot
42,0.0,,clean,0,4.480060997781801
42,0.0,,clean,0,3.9970091026943018
42,0.0,,clean,0,4.002497487485805
42,0.0,,clean,0,3.655475556062461
42,0.0,,clean,0,3.99125958524864
42,0.0,,clean,0,4.736479516936731
42,0.0,,clean,0,3.8856619637519687
42,0.0,,clean,0,3.5389759189530263
42,0.0,,clean,0,3.617151541495327
42,0.0,,clean,0,3.559227057233153
42,0.0,,clean,0,4.078307819951877
42,0.0,,clean,0,4.078021799257356
42,0.0,,clean,0,3.655942176153658
42,0.0,,clean,0,4.099661499716395
42,0.0,,clean,0,3.4287946831332112
42,0.0,0.05,zz_scale_0.05,1,3.7135547980363253
42,0.0,0.05,zz_scale_0.05,1,3.8953513041951617
42,0.0,0.05,zz_scale_0.05,1,4.573445648329354
42,0.0,0.05,zz_scale_0.05,1,3.7530706597789725
42,0.0,0.05,zz_scale_0.05,1,3.8735104563659895
42,0.0,0.05,zz_scale_0.05,1,3.480877946246805
42,0.0,0.05,zz_scale_0.05,1,4.167578809138726
42,0.0,0.05,zz_scale_0.05,1,3.595754815633622
42,0.0,0.05,zz_scale_0.05,1,3.889909129131995
42,0.0,0.05,zz_scale_0.05,1,4.002734098817429
42,0.0,0.05,zz_scale_0.05,1,4.3676125987246115
42,0.0,0.05,zz_scale_0.05,1,3.7864972493825486
42,0.0,0.05,zz_scale_0.05,1,3.736749920055228
42,0.0,0.05,zz_scale_0.05,1,4.299983557100852
42,0.0,0.05,zz_scale_0.05,1,4.2622620197359495
42,0.0,0.15,zz_scale_0.15,1,3.8640084539356776
42,0.0,0.15,zz_scale_0.15,1,3.9708928564409685
42,0.0,0.15,zz_scale_0.15,1,4.834767914032046
42,0.0,0.15,zz_scale_0.15,1,4.280756225046496
42,0.0,0.15,zz_scale_0.15,1,4.099560396332197
42,0.0,0.15,zz_scale_0.15,1,4.07862624528657
42,0.0,0.15,zz_scale_0.15,1,3.9311860327844492
42,0.0,0.15,zz_scale_0.15,1,4.560808111551899
42,0.0,0.15,zz_scale_0.15,1,4.58251464836754
42,0.0,0.15,zz_scale_0.15,1,3.962013752542584
42,0.0,0.15,zz_scale_0.15,1,3.9990341105310647
42,0.0,0.15,zz_scale_0.15,1,4.586874715386067
42,0.0,0.15,zz_scale_0.15,1,4.82115608348027
42,0.0,0.15,zz_scale_0.15,1,4.525772293141431
42,0.0,0.15,zz_scale_0.15,1,4.368974457374301
42,0.0,0.3,zz_scale_0.3,1,4.75811764187425
42,0.0,0.3,zz_scale_0.3,1,5.769112708564541
42,0.0,0.3,zz_scale_0.3,1,5.356351206499976
42,0.0,0.3,zz_scale_0.3,1,5.133788243035248
42,0.0,0.3,zz_scale_0.3,1,5.305035118430843
42,0.0,0.3,zz_scale_0.3,1,5.260069019520414
42,0.0,0.3,zz_scale_0.3,1,5.65476830829501
42,0.0,0.3,zz_scale_0.3,1,5.717298818669908
42,0.0,0.3,zz_scale_0.3,1,5.125423656595113
42,0.0,0.3,zz_scale_0.3,1,5.409228592198297
42,0.0,0.3,zz_scale_0.3,1,4.856632112760286
42,0.0,0.3,zz_scale_0.3,1,5.114480716819598
42,0.0,0.3,zz_scale_0.3,1,4.471603675169348
42,0.0,0.3,zz_scale_0.3,1,5.190561407594697
42,0.0,0.3,zz_scale_0.3,1,4.894104775091165
42,0.01,,clean,0,3.3410638497866993
42,0.01,,clean,0,4.023030266984542
42,0.01,,clean,0,4.1194804509536285
42,0.01,,clean,0,3.7359370685450006
42,0.01,,clean,0,3.1240775819583497
42,0.01,,clean,0,3.3135137899507745
42,0.01,,clean,0,3.584693692726597
42,0.01,,clean,0,3.9089656836523936
42,0.01,,clean,0,3.911109684421292
42,0.01,,clean,0,4.50904862250728
42,0.01,,clean,0,3.806544894072641
42,0.01,,clean,0,4.430848803777552
42,0.01,,clean,0,4.175726495556426
42,0.01,,clean,0,4.434728449321125
42,0.01,,clean,0,4.098000866541113
42,0.01,0.05,zz_scale_0.05,1,3.4093992965155704
42,0.01,0.05,zz_scale_0.05,1,3.835712880688871
42,0.01,0.05,zz_scale_0.05,1,4.388672990612672
42,0.01,0.05,zz_scale_0.05,1,3.9579393270077445
42,0.01,0.05,zz_scale_0.05,1,3.6358912593387673
42,0.01,0.05,zz_scale_0.05,1,3.628516147805958
42,0.01,0.05,zz_scale_0.05,1,3.6252323542365046
42,0.01,0.05,zz_scale_0.05,1,3.8209035094293484
42,0.01,0.05,zz_scale_0.05,1,4.46931521483459
42,0.01,0.05,zz_scale_0.05,1,3.8441094538124347
42,0.01,0.05,zz_scale_0.05,1,3.582592781380147
42,0.01,0.05,zz_scale_0.05,1,4.02836939102032
42,0.01,0.05,zz_scale_0.05,1,4.021254968843505
42,0.01,0.05,zz_scale_0.05,1,4.211426781902445
42,0.01,0.05,zz_scale_0.05,1,4.018483842049671
42,0.01,0.15,zz_scale_0.15,1,4.468008309729253
42,0.01,0.15,zz_scale_0.15,1,4.603621503126168
42,0.01,0.15,zz_scale_0.15,1,4.378981294245784
42,0.01,0.15,zz_scale_0.15,1,4.148377544146729
42,0.01,0.15,zz_scale_0.15,1,4.18905632051283
42,0.01,0.15,zz_scale_0.15,1,3.9573978521906645
42,0.01,0.15,zz_scale_0.15,1,4.282785696933068
42,0.01,0.15,zz_scale_0.15,1,4.597341324824169
42,0.01,0.15,zz_scale_0.15,1,4.275353312057817
42,0.01,0.15,zz_scale_0.15,1,3.673269326989959
42,0.01,0.15,zz_scale_0.15,1,4.722667211519624
42,0.01,0.15,zz_scale_0.15,1,4.195035289663099
42,0.01,0.15,zz_scale_0.15,1,3.8992538762225126
42,0.01,0.15,zz_scale_0.15,1,4.785074837591029
42,0.01,0.15,zz_scale_0.15,1,3.992190956077065
42,0.01,0.3,zz_scale_0.3,1,4.622020333602785
42,0.01,0.3,zz_scale_0.3,1,4.942871941611222
42,0.01,0.3,zz_scale_0.3,1,5.327718738874194
42,0.01,0.3,zz_scale_0.3,1,4.898268636898546
42,0.01,0.3,zz_scale_0.3,1,5.672004863186933
42,0.01,0.3,zz_scale_0.3,1,4.971058285844359
42,0.01,0.3,zz_scale_0.3,1,5.032373255776422
42,0.01,0.3,zz_scale_0.3,1,5.036109936243682
42,0.01,0.3,zz_scale_0.3,1,5.154850537359963
42,0.01,0.3,zz_scale_0.3,1,5.217670810370473
42,0.01,0.3,zz_scale_0.3,1,4.954722884949001
42,0.01,0.3,zz_scale_0.3,1,5.305782927059949
42,0.01,0.3,zz_scale_0.3,1,4.831631044578966
42,0.01,0.3,zz_scale_0.3,1,4.949002703608792
42,0.01,0.3,zz_scale_0.3,1,5.411322265215983
42,0.02,,clean,0,3.6476181453500813
42,0.02,,clean,0,3.591816419652656
42,0.02,,clean,0,3.9619823426832204
42,0.02,,clean,0,3.1963080948441607
42,0.02,,clean,0,3.5689083323991535
42,0.02,,clean,0,4.030682424298691
42,0.02,,clean,0,3.7098224200084253
42,0.02,,clean,0,3.9459828373434895
42,0.02,,clean,0,3.5144202900831605
42,0.02,,clean,0,3.6763565973854218
42,0.02,,clean,0,4.184070450962783
42,0.02,,clean,0,3.775726991630506
42,0.02,,clean,0,4.174541474036751
42,0.02,,clean,0,3.5517149552244054
42,0.02,,clean,0,4.036803172388186
42,0.02,0.05,zz_scale_0.05,1,4.293155522087708
42,0.02,0.05,zz_scale_0.05,1,3.803582745785625
42,0.02,0.05,zz_scale_0.05,1,3.6001399692035356
42,0.02,0.05,zz_scale_0.05,1,4.204260306523419
42,0.02,0.05,zz_scale_0.05,1,4.193382891446744
42,0.02,0.05,zz_scale_0.05,1,3.9799154645730934
42,0.02,0.05,zz_scale_0.05,1,3.397866144266836
42,0.02,0.05,zz_scale_0.05,1,3.5914237744305626
42,0.02,0.05,zz_scale_0.05,1,3.416487639611174
42,0.02,0.05,zz_scale_0.05,1,3.9605362210233563
42,0.02,0.05,zz_scale_0.05,1,3.8592788029926868
42,0.02,0.05,zz_scale_0.05,1,3.8063110610431385
42,0.02,0.05,zz_scale_0.05,1,3.9112935159522872
42,0.02,0.05,zz_scale_0.05,1,4.186011275907445
42,0.02,0.05,zz_scale_0.05,1,3.920458853203763
42,0.02,0.15,zz_scale_0.15,1,4.30274773966165
42,0.02,0.15,zz_scale_0.15,1,4.601579812548709
42,0.02,0.15,zz_scale_0.15,1,4.0156685365092315
42,0.02,0.15,zz_scale_0.15,1,4.4551154367819485
42,0.02,0.15,zz_scale_0.15,1,4.229608816001609
42,0.02,0.15,zz_scale_0.15,1,4.38467204906306
42,0.02,0.15,zz_scale_0.15,1,3.765476382022515
42,0.02,0.15,zz_scale_0.15,1,4.360317539454617
42,0.02,0.15,zz_scale_0.15,1,3.8004073928901994
42,0.02,0.15,zz_scale_0.15,1,3.918507229991274
42,0.02,0.15,zz_scale_0.15,1,4.6606339420179905
42,0.02,0.15,zz_scale_0.15,1,4.125406156029139
42,0.02,0.15,zz_scale_0.15,1,4.460836273867361
42,0.02,0.15,zz_scale_0.15,1,4.424887913972018
42,0.02,0.15,zz_scale_0.15,1,4.4542026544218025
42,0.02,0.3,zz_scale_0.3,1,4.8357579239813475
42,0.02,0.3,zz_scale_0.3,1,4.7206528989535315
42,0.02,0.3,zz_scale_0.3,1,5.104133323753958
42,0.02,0.3,zz_scale_0.3,1,4.733296727480235
42,0.02,0.3,zz_scale_0.3,1,4.462960739849425
42,0.02,0.3,zz_scale_0.3,1,5.171825926987991
42,0.02,0.3,zz_scale_0.3,1,5.0782682081230455
42,0.02,0.3,zz_scale_0.3,1,5.376641569136742
42,0.02,0.3,zz_scale_0.3,1,5.130628463264946
42,0.02,0.3,zz_scale_0.3,1,4.881779351737742
42,0.02,0.3,zz_scale_0.3,1,5.23377624507987
42,0.02,0.3,zz_scale_0.3,1,4.540991683387917
42,0.02,0.3,zz_scale_0.3,1,4.816698521536904
42,0.02,0.3,zz_scale_0.3,1,5.223053745797254
42,0.02,0.3,zz_scale_0.3,1,5.351735355907321
42,0.05,,clean,0,3.84446858966139
42,0.05,,clean,0,3.929048312009947
42,0.05,,clean,0,4.05918249529977
42,0.05,,clean,0,3.7488768467577103
42,0.05,,clean,0,3.6254481057160115
42,0.05,,clean,0,4.385060936974438
42,0.05,,clean,0,3.6585965266978153
42,0.05,,clean,0,3.993843725961534
42,0.05,,clean,0,3.8843481359356082
42,0.05,,clean,0,4.102591973541429
42,0.05,,clean,0,4.180976034564409
42,0.05,,clean,0,3.97249988064741
42,0.05,,clean,0,4.230393745325756
42,0.05,,clean,0,4.491564289481763
42,0.05,,clean,0,3.6493704257385056
42,0.05,0.05,zz_scale_0.05,1,4.058246425645103
42,0.05,0.05,zz_scale_0.05,1,3.8204706367574617
42,0.05,0.05,zz_scale_0.05,1,3.9507029388321135
42,0.05,0.05,zz_scale_0.05,1,4.103777608385322
42,0.05,0.05,zz_scale_0.05,1,4.293098320443858
42,0.05,0.05,zz_scale_0.05,1,3.7286905448224434
42,0.05,0.05,zz_scale_0.05,1,3.973291748947159
42,0.05,0.05,zz_scale_0.05,1,3.950565917387066
42,0.05,0.05,zz_scale_0.05,1,3.6423598756811746
42,0.05,0.05,zz_scale_0.05,1,4.222310633634989
42,0.05,0.05,zz_scale_0.05,1,4.415234487616874
42,0.05,0.05,zz_scale_0.05,1,3.7032249824105596
42,0.05,0.05,zz_scale_0.05,1,3.593707601205746
42,0.05,0.05,zz_scale_0.05,1,3.8677375758666352
42,0.05,0.05,zz_scale_0.05,1,3.899790155910298
42,0.05,0.15,zz_scale_0.15,1,4.679478078410759
42,0.05,0.15,zz_scale_0.15,1,4.541470919943018
42,0.05,0.15,zz_scale_0.15,1,4.354605610027601
42,0.05,0.15,zz_scale_0.15,1,4.3323354006714725
42,0.05,0.15,zz_scale_0.15,1,4.240632312333055
42,0.05,0.15,zz_scale_0.15,1,4.0150750575503364
42,0.05,0.15,zz_scale_0.15,1,4.665445050730667
42,0.05,0.15,zz_scale_0.15,1,4.2229271291084896
42,0.05,0.15,zz_scale_0.15,1,4.700266211117994
42,0.05,0.15,zz_scale_0.15,1,4.2613501791894555
42,0.05,0.15,zz_scale_0.15,1,4.180484800273732
42,0.05,0.15,zz_scale_0.15,1,4.516894454840849
42,0.05,0.15,zz_scale_0.15,1,4.25728434010987
42,0.05,0.15,zz_scale_0.15,1,3.8969775063254715
42,0.05,0.15,zz_scale_0.15,1,4.165986531030689
42,0.05,0.3,zz_scale_0.3,1,4.552866630683432
42,0.05,0.3,zz_scale_0.3,1,5.381843793120302
42,0.05,0.3,zz_scale_0.3,1,5.442242107211895
42,0.05,0.3,zz_scale_0.3,1,4.774985006344556
42,0.05,0.3,zz_scale_0.3,1,5.157617087057638
42,0.05,0.3,zz_scale_0.3,1,5.46864438818869
42,0.05,0.3,zz_scale_0.3,1,4.917012943009038
42,0.05,0.3,zz_scale_0.3,1,4.748660073499908
42,0.05,0.3,zz_scale_0.3,1,5.261711425113542
42,0.05,0.3,zz_scale_0.3,1,4.795003821582854
42,0.05,0.3,zz_scale_0.3,1,4.89771043806421
42,0.05,0.3,zz_scale_0.3,1,5.246779368372714
42,0.05,0.3,zz_scale_0.3,1,5.482854135197204
42,0.05,0.3,zz_scale_0.3,1,5.186905534179343
42,0.05,0.3,zz_scale_0.3,1,4.612915052635928
42,0.1,,clean,0,3.7149517191059167
42,0.1,,clean,0,3.5892308429564985
42,0.1,,clean,0,3.9519005650050216
42,0.1,,clean,0,4.476318301566042
42,0.1,,clean,0,3.9765440883868686
42,0.1,,clean,0,4.12509210431357
42,0.1,,clean,0,3.8206911803250736
42,0.1,,clean,0,4.116880482494677
42,0.1,,clean,0,3.664388460932477
42,0.1,,clean,0,3.3782665760654216
42,0.1,,clean,0,3.5294932570896984
42,0.1,,clean,0,3.664535528441007
42,0.1,,clean,0,4.244408008749699
42,0.1,,clean,0,4.55573370834271
42,0.1,,clean,0,4.6089841569294
42,0.1,0.05,zz_scale_0.05,1,3.628004687359478
42,0.1,0.05,zz_scale_0.05,1,3.809832848184635
42,0.1,0.05,zz_scale_0.05,1,4.50766311597585
42,0.1,0.05,zz_scale_0.05,1,3.4677354317134617
42,0.1,0.05,zz_scale_0.05,1,3.999513717006012
42,0.1,0.05,zz_scale_0.05,1,4.117514502727481
42,0.1,0.05,zz_scale_0.05,1,4.004430851178934
42,0.1,0.05,zz_scale_0.05,1,4.015171784377036
42,0.1,0.05,zz_scale_0.05,1,3.9693841029020533
42,0.1,0.05,zz_scale_0.05,1,3.9933346139791714
42,0.1,0.05,zz_scale_0.05,1,4.111248390614807
42,0.1,0.05,zz_scale_0.05,1,3.9365810865916884
42,0.1,0.05,zz_scale_0.05,1,3.724045878097299
42,0.1,0.05,zz_scale_0.05,1,4.337366571216935
42,0.1,0.05,zz_scale_0.05,1,3.7470863955294313
42,0.1,0.15,zz_scale_0.15,1,3.708884782405369
42,0.1,0.15,zz_scale_0.15,1,4.095488966593408
42,0.1,0.15,zz_scale_0.15,1,4.236282466561894
42,0.1,0.15,zz_scale_0.15,1,3.8640621029598963
42,0.1,0.15,zz_scale_0.15,1,4.465762095909748
42,0.1,0.15,zz_scale_0.15,1,4.210354267618243
42,0.1,0.15,zz_scale_0.15,1,4.125711583979013
42,0.1,0.15,zz_scale_0.15,1,4.435127044478816
42,0.1,0.15,zz_scale_0.15,1,4.866144744329409
42,0.1,0.15,zz_scale_0.15,1,4.399973005228141
42,0.1,0.15,zz_scale_0.15,1,4.469967219278623
42,0.1,0.15,zz_scale_0.15,1,4.563845831776606
42,0.1,0.15,zz_scale_0.15,1,4.3643085318192325
42,0.1,0.15,zz_scale_0.15,1,4.809692578141052
42,0.1,0.15,zz_scale_0.15,1,4.233741428840547
42,0.1,0.3,zz_scale_0.3,1,4.634936881026022
42,0.1,0.3,zz_scale_0.3,1,4.558886129242913
42,0.1,0.3,zz_scale_0.3,1,5.094372354553576
42,0.1,0.3,zz_scale_0.3,1,4.360134923898021
42,0.1,0.3,zz_scale_0.3,1,4.784747651747755
42,0.1,0.3,zz_scale_0.3,1,5.158866171486683
42,0.1,0.3,zz_scale_0.3,1,4.701348615104881
42,0.1,0.3,zz_scale_0.3,1,4.936489532007172
42,0.1,0.3,zz_scale_0.3,1,5.469780911509838
42,0.1,0.3,zz_scale_0.3,1,5.107940473822781
42,0.1,0.3,zz_scale_0.3,1,5.096839641216565
42,0.1,0.3,zz_scale_0.3,1,4.764634056218084
42,0.1,0.3,zz_scale_0.3,1,4.692599156716543
42,0.1,0.3,zz_scale_0.3,1,5.329309596263872
42,0.1,0.3,zz_scale_0.3,1,5.01451469245554
43,0.0,,clean,0,3.980128259229222
43,0.0,,clean,0,3.6534199915766403
43,0.0,,clean,0,3.8654480213894526
43,0.0,,clean,0,3.8471346453182726
43,0.0,,clean,0,4.203653680631061
43,0.0,,clean,0,3.613740574378205
43,0.0,,clean,0,3.9730925189423543
43,0.0,,clean,0,4.2897440590759155
43,0.0,,clean,0,3.797338839005003
43,0.0,,clean,0,4.135163396691379
43,0.0,,clean,0,4.1873723988888605
43,0.0,,clean,0,3.9783356911846957
43,0.0,,clean,0,4.009260680815842
43,0.0,,clean,0,3.7367934206455313
43,0.0,,clean,0,3.7754935396543137
43,0.0,0.05,zz_scale_0.05,1,3.453051738965439
43,0.0,0.05,zz_scale_0.05,1,4.110723808583712
43,0.0,0.05,zz_scale_0.05,1,3.9421545972422867
43,0.0,0.05,zz_scale_0.05,1,4.287296170977856
43,0.0,0.05,zz_scale_0.05,1,4.140504430668617
43,0.0,0.05,zz_scale_0.05,1,3.9662017638795883
43,0.0,0.05,zz_scale_0.05,1,3.3909330249357694
43,0.0,0.05,zz_scale_0.05,1,4.2640139093838325
43,0.0,0.05,zz_scale_0.05,1,4.171279855314175
43,0.0,0.05,zz_scale_0.05,1,4.465306942508003
43,0.0,0.05,zz_scale_0.05,1,3.8114363823140183
43,0.0,0.05,zz_scale_0.05,1,4.344624725258908
43,0.0,0.05,zz_scale_0.05,1,4.599909208407006
43,0.0,0.05,zz_scale_0.05,1,4.031131897747284
43,0.0,0.05,zz_scale_0.05,1,3.794609187609388
43,0.0,0.15,zz_scale_0.15,1,4.453888428522276
43,0.0,0.15,zz_scale_0.15,1,4.190338777126998
43,0.0,0.15,zz_scale_0.15,1,4.837277395541007
43,0.0,0.15,zz_scale_0.15,1,4.8320938009592345
43,0.0,0.15,zz_scale_0.15,1,4.8219727376189345
43,0.0,0.15,zz_scale_0.15,1,4.467617816940797
43,0.0,0.15,zz_scale_0.15,1,4.8089434390760095
43,0.0,0.15,zz_scale_0.15,1,4.093583674649529
43,0.0,0.15,zz_scale_0.15,1,4.016149130266882
43,0.0,0.15,zz_scale_0.15,1,4.621008100969202
43,0.0,0.15,zz_scale_0.15,1,4.300155524496492
43,0.0,0.15,zz_scale_0.15,1,5.091180480022824
43,0.0,0.15,zz_scale_0.15,1,4.065306432975866
43,0.0,0.15,zz_scale_0.15,1,4.631652102169596
43,0.0,0.15,zz_scale_0.15,1,4.218160373260797
43,0.0,0.3,zz_scale_0.3,1,4.945598329289522
43,0.0,0.3,zz_scale_0.3,1,5.29674820248808
43,0.0,0.3,zz_scale_0.3,1,5.7032658243887795
43,0.0,0.3,zz_scale_0.3,1,5.387734667961426
43,0.0,0.3,zz_scale_0.3,1,5.335518760257522
43,0.0,0.3,zz_scale_0.3,1,5.349628759557104
43,0.0,0.3,zz_scale_0.3,1,5.426017826481374
43,0.0,0.3,zz_scale_0.3,1,5.40264951164635
43,0.0,0.3,zz_scale_0.3,1,5.262898709430915
43,0.0,0.3,zz_scale_0.3,1,5.069446875642863
43,0.0,0.3,zz_scale_0.3,1,5.040003495548698
43,0.0,0.3,zz_scale_0.3,1,5.950807046061723
43,0.0,0.3,zz_scale_0.3,1,5.057194901466298
43,0.0,0.3,zz_scale_0.3,1,5.542805608063612
43,0.0,0.3,zz_scale_0.3,1,5.11878462353249
43,0.01,,clean,0,3.978791462517773
43,0.01,,clean,0,3.3805839198640397
43,0.01,,clean,0,3.972917256464027
43,0.01,,clean,0,3.742819825999776
43,0.01,,clean,0,4.442227679846142
43,0.01,,clean,0,3.9086566340647053
43,0.01,,clean,0,4.675672780953417
43,0.01,,clean,0,3.6819872106874962
43,0.01,,clean,0,3.4959063349294253
43,0.01,,clean,0,4.202478500546272
43,0.01,,clean,0,3.3933729298032684
43,0.01,,clean,0,3.846851147367234
43,0.01,,clean,0,3.5829145118588963
43,0.01,,clean,0,3.6053646171091747
43,0.01,,clean,0,4.0530368932231635
43,0.01,0.05,zz_scale_0.05,1,4.049093225670258
43,0.01,0.05,zz_scale_0.05,1,4.779767899790202
43,0.01,0.05,zz_scale_0.05,1,3.529796949806621
43,0.01,0.05,zz_scale_0.05,1,4.061430326935338
43,0.01,0.05,zz_scale_0.05,1,3.7564975565585375
43,0.01,0.05,zz_scale_0.05,1,3.503143784323817
43,0.01,0.05,zz_scale_0.05,1,3.685704362392358
43,0.01,0.05,zz_scale_0.05,1,4.083159614248916
43,0.01,0.05,zz_scale_0.05,1,3.9504462511695313
43,0.01,0.05,zz_scale_0.05,1,4.145354391069756
43,0.01,0.05,zz_scale_0.05,1,3.1258519768162385
43,0.01,0.05,zz_scale_0.05,1,3.90307328664175
43,0.01,0.05,zz_scale_0.05,1,4.0303055431383745
43,0.01,0.05,zz_scale_0.05,1,3.9520686272099947
43,0.01,0.05,zz_scale_0.05,1,3.6737968416833446
43,0.01,0.15,zz_scale_0.15,1,4.2150722647056975
43,0.01,0.15,zz_scale_0.15,1,5.334266768687462
43,0.01,0.15,zz_scale_0.15,1,4.537030386651331
43,0.01,0.15,zz_scale_0.15,1,4.475531370443501
43,0.01,0.15,zz_scale_0.15,1,4.799672892582183
43,0.01,0.15,zz_scale_0.15,1,4.393570069242532
43,0.01,0.15,zz_scale_0.15,1,5.029495667073681
43,0.01,0.15,zz_scale_0.15,1,4.509725392740437
43,0.01,0.15,zz_scale_0.15,1,4.29938153957004
43,0.01,0.15,zz_scale_0.15,1,4.715756963046398
43,0.01,0.15,zz_scale_0.15,1,4.057381164833696
43,0.01,0.15,zz_scale_0.15,1,4.411354810207231
43,0.01,0.15,zz_scale_0.15,1,4.594932006483114
43,0.01,0.15,zz_scale_0.15,1,4.495918609325182
43,0.01,0.15,zz_scale_0.15,1,4.478865362311066
43,0.01,0.3,zz_scale_0.3,1,5.6972828218272165
43,0.01,0.3,zz_scale_0.3,1,5.08632040487907
43,0.01,0.3,zz_scale_0.3,1,5.565945024842733
43,0.01,0.3,zz_scale_0.3,1,5.4553716996289365
43,0.01,0.3,zz_scale_0.3,1,5.3946011811249015
43,0.01,0.3,zz_scale_0.3,1,6.0788394985742755
43,0.01,0.3,zz_scale_0.3,1,5.361318336380666
43,0.01,0.3,zz_scale_0.3,1,4.734799204547452
43,0.01,0.3,zz_scale_0.3,1,5.353284262246718
43,0.01,0.3,zz_scale_0.3,1,4.54494898465471
43,0.01,0.3,zz_scale_0.3,1,5.4066789040689
43,0.01,0.3,zz_scale_0.3,1,5.006761769225032
43,0.01,0.3,zz_scale_0.3,1,5.175147416242385
43,0.01,0.3,zz_scale_0.3,1,5.885358481922915
43,0.01,0.3,zz_scale_0.3,1,5.067841820489266
43,0.02,,clean,0,3.4683476936521833
43,0.02,,clean,0,4.105715513139221
43,0.02,,clean,0,3.648297630804377
43,0.02,,clean,0,3.836300992814167
43,0.02,,clean,0,4.727476156815409
43,0.02,,clean,0,4.131148288465739
43,0.02,,clean,0,3.946110990669782
43,0.02,,clean,0,3.892997112258783
43,0.02,,clean,0,3.879970960530659
43,0.02,,clean,0,3.9150777695959156
43,0.02,,clean,0,3.3060252266586345
43,0.02,,clean,0,3.5170024775490445
43,0.02,,clean,0,3.6422543590583625
43,0.02,,clean,0,4.292828385129371
43,0.02,,clean,0,3.99428914358573
43,0.02,0.05,zz_scale_0.05,1,4.2937660882734905
43,0.02,0.05,zz_scale_0.05,1,4.042494216119396
43,0.02,0.05,zz_scale_0.05,1,3.475766546246811
43,0.02,0.05,zz_scale_0.05,1,3.6866000268669232
43,0.02,0.05,zz_scale_0.05,1,3.8806822491231943
43,0.02,0.05,zz_scale_0.05,1,4.685459257285198
43,0.02,0.05,zz_scale_0.05,1,3.7230310199383947
43,0.02,0.05,zz_scale_0.05,1,3.524051625604741
43,0.02,0.05,zz_scale_0.05,1,3.816153227181295
43,0.02,0.05,zz_scale_0.05,1,3.543252180648842
43,0.02,0.05,zz_scale_0.05,1,4.472186637421649
43,0.02,0.05,zz_scale_0.05,1,3.749516234478516
43,0.02,0.05,zz_scale_0.05,1,3.8116632820860477
43,0.02,0.05,zz_scale_0.05,1,3.7761257737178613
43,0.02,0.05,zz_scale_0.05,1,3.8381265985978406
43,0.02,0.15,zz_scale_0.15,1,3.9142541202515515
43,0.02,0.15,zz_scale_0.15,1,4.660864172973678
43,0.02,0.15,zz_scale_0.15,1,4.389335386264927
43,0.02,0.15,zz_scale_0.15,1,5.087361143345165
43,0.02,0.15,zz_scale_0.15,1,4.039097189184835
43,0.02,0.15,zz_scale_0.15,1,4.23878553908659
43,0.02,0.15,zz_scale_0.15,1,4.184178403525964
43,0.02,0.15,zz_scale_0.15,1,4.1443912660858135
43,0.02,0.15,zz_scale_0.15,1,5.124749776203694
43,0.02,0.15,zz_scale_0.15,1,4.410430098075055
43,0.02,0.15,zz_scale_0.15,1,4.890882471725438
43,0.02,0.15,zz_scale_0.15,1,4.4854126919659505
43,0.02,0.15,zz_scale_0.15,1,3.9813836530746585
43,0.02,0.15,zz_scale_0.15,1,4.262895088432858
43,0.02,0.15,zz_scale_0.15,1,3.668565735042422
43,0.02,0.3,zz_scale_0.3,1,5.736939725702125
43,0.02,0.3,zz_scale_0.3,1,5.154685955912759
43,0.02,0.3,zz_scale_0.3,1,5.377023154333522
43,0.02,0.3,zz_scale_0.3,1,5.5136001893855
43,0.02,0.3,zz_scale_0.3,1,5.113262126388776
43,0.02,0.3,zz_scale_0.3,1,4.855311204189545
43,0.02,0.3,zz_scale_0.3,1,5.04275862263433
43,0.02,0.3,zz_scale_0.3,1,5.761076387315764
43,0.02,0.3,zz_scale_0.3,1,4.642382695530542
43,0.02,0.3,zz_scale_0.3,1,5.082584647082571
43,0.02,0.3,zz_scale_0.3,1,4.909754951040609
43,0.02,0.3,zz_scale_0.3,1,5.3373457114221425
43,0.02,0.3,zz_scale_0.3,1,5.0169600899900395
43,0.02,0.3,zz_scale_0.3,1,5.654601679874778
43,0.02,0.3,zz_scale_0.3,1,4.883433217039892
43,0.05,,clean,0,4.0100131584875065
43,0.05,,clean,0,3.3185772498224773
43,0.05,,clean,0,4.044878507655231
43,0.05,,clean,0,3.883777640908133
43,0.05,,clean,0,4.106815160190847
43,0.05,,clean,0,3.4802934038795352
43,0.05,,clean,0,3.5762625520646334
43,0.05,,clean,0,3.97510194357447
43,0.05,,clean,0,3.4095362874601105
43,0.05,,clean,0,3.712934281754988
43,0.05,,clean,0,3.9215243022517936
43,0.05,,clean,0,3.8229013785625336
43,0.05,,clean,0,3.5544400393959648
43,0.05,,clean,0,4.304431854589376
43,0.05,,clean,0,3.7650458061194176
43,0.05,0.05,zz_scale_0.05,1,3.255123649652311
43,0.05,0.05,zz_scale_0.05,1,4.513815610949614
43,0.05,0.05,zz_scale_0.05,1,3.852997509143229
43,0.05,0.05,zz_scale_0.05,1,4.347506853657297
43,0.05,0.05,zz_scale_0.05,1,3.525240912452752
43,0.05,0.05,zz_scale_0.05,1,3.629228483365242
43,0.05,0.05,zz_scale_0.05,1,4.218646698535605
43,0.05,0.05,zz_scale_0.05,1,4.135262866617962
43,0.05,0.05,zz_scale_0.05,1,3.976086255614386
43,0.05,0.05,zz_scale_0.05,1,3.9820829838544785
43,0.05,0.05,zz_scale_0.05,1,3.7426366767843415
43,0.05,0.05,zz_scale_0.05,1,3.7060127055811187
43,0.05,0.05,zz_scale_0.05,1,4.027986554605984
43,0.05,0.05,zz_scale_0.05,1,4.048938058719997
43,0.05,0.05,zz_scale_0.05,1,3.848986220890253
43,0.05,0.15,zz_scale_0.15,1,4.665147841910457
43,0.05,0.15,zz_scale_0.15,1,4.1126789984050225
43,0.05,0.15,zz_scale_0.15,1,4.365714665417405
43,0.05,0.15,zz_scale_0.15,1,4.535927106744111
43,0.05,0.15,zz_scale_0.15,1,4.1543836600656086
43,0.05,0.15,zz_scale_0.15,1,4.874812618604461
43,0.05,0.15,zz_scale_0.15,1,4.013521847057856
43,0.05,0.15,zz_scale_0.15,1,4.3536611842946895
43,0.05,0.15,zz_scale_0.15,1,4.197667350680719
43,0.05,0.15,zz_scale_0.15,1,4.796631869658843
43,0.05,0.15,zz_scale_0.15,1,4.187182242103655
43,0.05,0.15,zz_scale_0.15,1,4.380810078939744
43,0.05,0.15,zz_scale_0.15,1,4.070493903393013
43,0.05,0.15,zz_scale_0.15,1,4.408937123999688
43,0.05,0.15,zz_scale_0.15,1,4.755454616428796
43,0.05,0.3,zz_scale_0.3,1,4.727064798315906
43,0.05,0.3,zz_scale_0.3,1,5.3492122094614585
43,0.05,0.3,zz_scale_0.3,1,4.9863738138017775
43,0.05,0.3,zz_scale_0.3,1,5.605022629611896
43,0.05,0.3,zz_scale_0.3,1,5.168541192288807
43,0.05,0.3,zz_scale_0.3,1,5.748382013677074
43,0.05,0.3,zz_scale_0.3,1,5.477201881841392
43,0.05,0.3,zz_scale_0.3,1,5.13107704401411
43,0.05,0.3,zz_scale_0.3,1,5.863217198284056
43,0.05,0.3,zz_scale_0.3,1,5.619505026424247
43,0.05,0.3,zz_scale_0.3,1,5.481982019164212
43,0.05,0.3,zz_scale_0.3,1,5.295080296258987
43,0.05,0.3,zz_scale_0.3,1,5.656393861851401
43,0.05,0.3,zz_scale_0.3,1,6.179320078731948
43,0.05,0.3,zz_scale_0.3,1,4.952881283725962
43,0.1,,clean,0,4.069529858552804
43,0.1,,clean,0,3.9562176922373093
43,0.1,,clean,0,3.948527354394491
43,0.1,,clean,0,4.092513696230263
43,0.1,,clean,0,4.028026205350543
43,0.1,,clean,0,4.072688843456022
43,0.1,,clean,0,3.6713364414759946
43,0.1,,clean,0,4.130204568234733
43,0.1,,clean,0,3.744193564321395
43,0.1,,clean,0,4.2355381738699265
43,0.1,,clean,0,3.802877814833468
43,0.1,,clean,0,4.004447501843587
43,0.1,,clean,0,4.466937534008739
43,0.1,,clean,0,3.7252591115796427
43,0.1,,clean,0,3.6299403701417785
43,0.1,0.05,zz_scale_0.05,1,4.1659348209779195
43,0.1,0.05,zz_scale_0.05,1,3.6763459775911596
43,0.1,0.05,zz_scale_0.05,1,3.994164652491581
43,0.1,0.05,zz_scale_0.05,1,4.257064402424526
43,0.1,0.05,zz_scale_0.05,1,4.166979278688748
43,0.1,0.05,zz_scale_0.05,1,4.100925286965921
43,0.1,0.05,zz_scale_0.05,1,4.053304433422446
43,0.1,0.05,zz_scale_0.05,1,3.425193569776231
43,0.1,0.05,zz_scale_0.05,1,3.7352334724411453
43,0.1,0.05,zz_scale_0.05,1,4.025890378350024
43,0.1,0.05,zz_scale_0.05,1,4.259789168651525
43,0.1,0.05,zz_scale_0.05,1,3.678349094050779
43,0.1,0.05,zz_scale_0.05,1,4.285807635437853
43,0.1,0.05,zz_scale_0.05,1,4.635631196606255
43,0.1,0.05,zz_scale_0.05,1,4.4968669117313205
43,0.1,0.15,zz_scale_0.15,1,4.087776233078831
43,0.1,0.15,zz_scale_0.15,1,4.494366862354987
43,0.1,0.15,zz_scale_0.15,1,4.91765702268919
43,0.1,0.15,zz_scale_0.15,1,4.294985236233572
43,0.1,0.15,zz_scale_0.15,1,4.182729303969297
43,0.1,0.15,zz_scale_0.15,1,4.770360061570438
43,0.1,0.15,zz_scale_0.15,1,5.05717846587104
43,0.1,0.15,zz_scale_0.15,1,4.381712074663044
43,0.1,0.15,zz_scale_0.15,1,4.458805763346873
43,0.1,0.15,zz_scale_0.15,1,4.128432712194235
43,0.1,0.15,zz_scale_0.15,1,4.145277729441026
43,0.1,0.15,zz_scale_0.15,1,3.7307782546886292
43,0.1,0.15,zz_scale_0.15,1,4.600047653947631
43,0.1,0.15,zz_scale_0.15,1,4.377270747185173
43,0.1,0.15,zz_scale_0.15,1,3.810621657836328
43,0.1,0.3,zz_scale_0.3,1,5.291964496498063
43,0.1,0.3,zz_scale_0.3,1,4.8447055442134515
43,0.1,0.3,zz_scale_0.3,1,5.497124655822433
43,0.1,0.3,zz_scale_0.3,1,5.056008170568947
43,0.1,0.3,zz_scale_0.3,1,5.137420017751703
43,0.1,0.3,zz_scale_0.3,1,5.248208329881832
43,0.1,0.3,zz_scale_0.3,1,5.40863743683111
43,0.1,0.3,zz_scale_0.3,1,5.156842700056764
43,0.1,0.3,zz_scale_0.3,1,5.2317926597923625
43,0.1,0.3,zz_scale_0.3,1,5.066694915512181
43,0.1,0.3,zz_scale_0.3,1,4.96685428913437
43,0.1,0.3,zz_scale_0.3,1,4.7856903249279314
43,0.1,0.3,zz_scale_0.3,1,4.933560650081438
43,0.1,0.3,zz_scale_0.3,1,5.198822607106692
43,0.1,0.3,zz_scale_0.3,1,5.549091519678882
44,0.0,,clean,0,4.546828086719641
44,0.0,,clean,0,3.560770676764268
44,0.0,,clean,0,3.6754807458130876
44,0.0,,clean,0,4.423030316192635
44,0.0,,clean,0,3.282503989687273
44,0.0,,clean,0,3.846208426280238
44,0.0,,clean,0,4.283489047530357
44,0.0,,clean,0,3.9880218960580063
44,0.0,,clean,0,4.213386575552468
44,0.0,,clean,0,3.731271788032586
44,0.0,,clean,0,3.6656834222459778
44,0.0,,clean,0,4.242383466498292
44,0.0,,clean,0,4.248670255463472
44,0.0,,clean,0,3.1857878730212223
44,0.0,,clean,0,4.302231906810423
44,0.0,0.05,zz_scale_0.05,1,3.791409657171501
44,0.0,0.05,zz_scale_0.05,1,3.8252949665471982
44,0.0,0.05,zz_scale_0.05,1,4.034471294072817
44,0.0,0.05,zz_scale_0.05,1,3.923751992086148
44,0.0,0.05,zz_scale_0.05,1,3.883594798919106
44,0.0,0.05,zz_scale_0.05,1,3.6333134228298087
44,0.0,0.05,zz_scale_0.05,1,3.9401010855900496
44,0.0,0.05,zz_scale_0.05,1,4.13345228917269
44,0.0,0.05,zz_scale_0.05,1,3.977390043459923
44,0.0,0.05,zz_scale_0.05,1,4.02229944726222
44,0.0,0.05,zz_scale_0.05,1,3.9987621493549534
44,0.0,0.05,zz_scale_0.05,1,4.483048377588565
44,0.0,0.05,zz_scale_0.05,1,4.612661121262119
44,0.0,0.05,zz_scale_0.05,1,3.932918046493833
44,0.0,0.05,zz_scale_0.05,1,4.3634195797634145
44,0.0,0.15,zz_scale_0.15,1,3.987074289997458
44,0.0,0.15,zz_scale_0.15,1,4.068523892281169
44,0.0,0.15,zz_scale_0.15,1,3.893457218668663
44,0.0,0.15,zz_scale_0.15,1,3.944779092473087
44,0.0,0.15,zz_scale_0.15,1,4.015985990987367
44,0.0,0.15,zz_scale_0.15,1,3.92506485372376
44,0.0,0.15,zz_scale_0.15,1,3.8824983491307643
44,0.0,0.15,zz_scale_0.15,1,4.779526364216367
44,0.0,0.15,zz_scale_0.15,1,4.025092157262406
44,0.0,0.15,zz_scale_0.15,1,4.593081964341688
44,0.0,0.15,zz_scale_0.15,1,4.432724613197344
44,0.0,0.15,zz_scale_0.15,1,5.0442294542528705
44,0.0,0.15,zz_scale_0.15,1,3.7526229136636893
44,0.0,0.15,zz_scale_0.15,1,4.522493683599569
44,0.0,0.15,zz_scale_0.15,1,4.60966587979653
44,0.0,0.3,zz_scale_0.3,1,5.002318817213972
44,0.0,0.3,zz_scale_0.3,1,5.011935852207977
44,0.0,0.3,zz_scale_0.3,1,4.9473625823941
44,0.0,0.3,zz_scale_0.3,1,4.841986774785494
44,0.0,0.3,zz_scale_0.3,1,5.01128374484944
44,0.0,0.3,zz_scale_0.3,1,5.425088605358294
44,0.0,0.3,zz_scale_0.3,1,5.3017996289588885
44,0.0,0.3,zz_scale_0.3,1,5.57900323362078
44,0.0,0.3,zz_scale_0.3,1,5.096205756079361
44,0.0,0.3,zz_scale_0.3,1,5.376594601997259
44,0.0,0.3,zz_scale_0.3,1,5.243820312507155
44,0.0,0.3,zz_scale_0.3,1,5.504091462733454
44,0.0,0.3,zz_scale_0.3,1,5.680104116749866
44,0.0,0.3,zz_scale_0.3,1,4.744766014138984
44,0.0,0.3,zz_scale_0.3,1,4.892006734043042
44,0.01,,clean,0,4.120411922165867
44,0.01,,clean,0,4.070232628145449
44,0.01,,clean,0,3.5523290645545136
44,0.01,,clean,0,3.438768346461894
44,0.01,,clean,0,3.4178592648164132
44,0.01,,clean,0,3.5421797436074107
44,0.01,,clean,0,3.871443095204028
44,0.01,,clean,0,3.6865177980155135
44,0.01,,clean,0,3.997125423827673
44,0.01,,clean,0,3.2520271995852665
44,0.01,,clean,0,4.377752422401815
44,0.01,,clean,0,3.389353049809559
44,0.01,,clean,0,3.8549416178483353
44,0.01,,clean,0,4.097165396345368
44,0.01,,clean,0,4.231926894152858
44,0.01,0.05,zz_scale_0.05,1,4.090337578121099
44,0.01,0.05,zz_scale_0.05,1,3.744705535697111
44,0.01,0.05,zz_scale_0.05,1,4.328775256266747
44,0.01,0.05,zz_scale_0.05,1,3.668937096077222
44,0.01,0.05,zz_scale_0.05,1,4.162055434148059
44,0.01,0.05,zz_scale_0.05,1,4.160181945590213
44,0.01,0.05,zz_scale_0.05,1,3.5868105641727133
44,0.01,0.05,zz_scale_0.05,1,3.908880106380064
44,0.01,0.05,zz_scale_0.05,1,3.971648891389281
44,0.01,0.05,zz_scale_0.05,1,3.5360011013623462
44,0.01,0.05,zz_scale_0.05,1,3.9389530082673025
44,0.01,0.05,zz_scale_0.05,1,3.1797250572752223
44,0.01,0.05,zz_scale_0.05,1,3.564666074602173
44,0.01,0.05,zz_scale_0.05,1,3.596404157837615
44,0.01,0.05,zz_scale_0.05,1,3.89116843698782
44,0.01,0.15,zz_scale_0.15,1,4.078165661000594
44,0.01,0.15,zz_scale_0.15,1,4.50099290941747
44,0.01,0.15,zz_scale_0.15,1,4.653283524906931
44,0.01,0.15,zz_scale_0.15,1,4.371750107674817
44,0.01,0.15,zz_scale_0.15,1,4.301112592261873
44,0.01,0.15,zz_scale_0.15,1,4.357341615081198
44,0.01,0.15,zz_scale_0.15,1,4.853502538953751
44,0.01,0.15,zz_scale_0.15,1,4.81695440559023
44,0.01,0.15,zz_scale_0.15,1,4.847047029230903
44,0.01,0.15,zz_scale_0.15,1,3.394907029128337
44,0.01,0.15,zz_scale_0.15,1,4.2534309275597515
44,0.01,0.15,zz_scale_0.15,1,3.9398499471887933
44,0.01,0.15,zz_scale_0.15,1,4.138982877898068
44,0.01,0.15,zz_scale_0.15,1,4.6225140652703045
44,0.01,0.15,zz_scale_0.15,1,4.579243767759964
44,0.01,0.3,zz_scale_0.3,1,5.064151999859276
44,0.01,0.3,zz_scale_0.3,1,5.06798972178443
44,0.01,0.3,zz_scale_0.3,1,5.112611085300556
44,0.01,0.3,zz_scale_0.3,1,5.044419619807947
44,0.01,0.3,zz_scale_0.3,1,4.550797506488499
44,0.01,0.3,zz_scale_0.3,1,4.9874061423131195
44,0.01,0.3,zz_scale_0.3,1,4.856872355052135
44,0.01,0.3,zz_scale_0.3,1,5.818390573862485
44,0.01,0.3,zz_scale_0.3,1,5.1492507286120075
44,0.01,0.3,zz_scale_0.3,1,5.105768974964771
44,0.01,0.3,zz_scale_0.3,1,5.166977477798611
44,0.01,0.3,zz_scale_0.3,1,4.911783598962932
44,0.01,0.3,zz_scale_0.3,1,5.018807584417576
44,0.01,0.3,zz_scale_0.3,1,5.103402571045476
44,0.01,0.3,zz_scale_0.3,1,5.17488537601334
44,0.02,,clean,0,4.387900659337555
44,0.02,,clean,0,4.354022440241682
44,0.02,,clean,0,4.821771972801232
44,0.02,,clean,0,4.254633968823693
44,0.02,,clean,0,3.929599891812778
44,0.02,,clean,0,3.946047055996477
44,0.02,,clean,0,4.11361815917013
44,0.02,,clean,0,3.7988163575148803
44,0.02,,clean,0,3.8053394907095957
44,0.02,,clean,0,4.077965713513711
44,0.02,,clean,0,3.780263424899823
44,0.02,,clean,0,3.8451440689291547
44,0.02,,clean,0,4.3729913119208925
44,0.02,,clean,0,3.8412631983715615
44,0.02,,clean,0,4.023937486411024
44,0.02,0.05,zz_scale_0.05,1,3.9079431014813966
44,0.02,0.05,zz_scale_0.05,1,3.7292007973965986
44,0.02,0.05,zz_scale_0.05,1,3.359650071804664
44,0.02,0.05,zz_scale_0.05,1,3.436907216589451
44,0.02,0.05,zz_scale_0.05,1,3.767950395628255
44,0.02,0.05,zz_scale_0.05,1,3.385308934391168
44,0.02,0.05,zz_scale_0.05,1,3.6778651019033908
44,0.02,0.05,zz_scale_0.05,1,3.9768571907497896
44,0.02,0.05,zz_scale_0.05,1,4.146087186001509
44,0.02,0.05,zz_scale_0.05,1,3.7573379299063503
44,0.02,0.05,zz_scale_0.05,1,3.8560780884490784
44,0.02,0.05,zz_scale_0.05,1,4.023394789452991
44,0.02,0.05,zz_scale_0.05,1,3.627494943250622
44,0.02,0.05,zz_scale_0.05,1,4.392024204759466
44,0.02,0.05,zz_scale_0.05,1,3.8619165261716324
44,0.02,0.15,zz_scale_0.15,1,4.679238393290281
44,0.02,0.15,zz_scale_0.15,1,4.265714740775224
44,0.02,0.15,zz_scale_0.15,1,3.9527766521707495
44,0.02,0.15,zz_scale_0.15,1,4.5781909257467115
44,0.02,0.15,zz_scale_0.15,1,4.895180706761082
44,0.02,0.15,zz_scale_0.15,1,4.022859194920298
44,0.02,0.15,zz_scale_0.15,1,4.1747610947698
44,0.02,0.15,zz_scale_0.15,1,4.521021922401175
44,0.02,0.15,zz_scale_0.15,1,4.268834185860405
44,0.02,0.15,zz_scale_0.15,1,3.9436284616905777
44,0.02,0.15,zz_scale_0.15,1,4.452805718110493
44,0.02,0.15,zz_scale_0.15,1,4.987202426256261
44,0.02,0.15,zz_scale_0.15,1,3.9409207023927655
44,0.02,0.15,zz_scale_0.15,1,3.592715152883274
44,0.02,0.15,zz_scale_0.15,1,4.185665086214388
44,0.02,0.3,zz_scale_0.3,1,4.902379107469919
44,0.02,0.3,zz_scale_0.3,1,4.765197929288705
44,0.02,0.3,zz_scale_0.3,1,4.89833324259312
44,0.02,0.3,zz_scale_0.3,1,4.8993488032945605
44,0.02,0.3,zz_scale_0.3,1,4.804285177052532
44,0.02,0.3,zz_scale_0.3,1,4.315387816920406
44,0.02,0.3,zz_scale_0.3,1,5.112016632458456
44,0.02,0.3,zz_scale_0.3,1,5.214721632475747
44,0.02,0.3,zz_scale_0.3,1,4.848647018521398
44,0.02,0.3,zz_scale_0.3,1,4.8254766900756865
44,0.02,0.3,zz_scale_0.3,1,4.916677406252044
44,0.02,0.3,zz_scale_0.3,1,5.592161839010082
44,0.02,0.3,zz_scale_0.3,1,5.407479624461697
44,0.02,0.3,zz_scale_0.3,1,4.807960424254264
44,0.02,0.3,zz_scale_0.3,1,4.529075599142567
44,0.05,,clean,0,3.272426453213093
44,0.05,,clean,0,4.278536512121322
44,0.05,,clean,0,3.472326768626662
44,0.05,,clean,0,4.420647283416798
44,0.05,,clean,0,4.096210220095755
44,0.05,,clean,0,3.564611398633565
44,0.05,,clean,0,4.383990524978505
44,0.05,,clean,0,3.964272298321246
44,0.05,,clean,0,4.203180031554262
44,0.05,,clean,0,4.052057927575121
44,0.05,,clean,0,3.8530776451687876
44,0.05,,clean,0,3.9725338484828123
44,0.05,,clean,0,3.2930767173931565
44,0.05,,clean,0,3.8820989900905114
44,0.05,,clean,0,4.327915185085358
44,0.05,0.05,zz_scale_0.05,1,3.6857673225064453
44,0.05,0.05,zz_scale_0.05,1,3.821526623355606
44,0.05,0.05,zz_scale_0.05,1,4.01898841844992
44,0.05,0.05,zz_scale_0.05,1,3.4781002184551486
44,0.05,0.05,zz_scale_0.05,1,3.5975707766989107
44,0.05,0.05,zz_scale_0.05,1,3.754133182764299
44,0.05,0.05,zz_scale_0.05,1,3.4105343892781868
44,0.05,0.05,zz_scale_0.05,1,3.929333855461411
44,0.05,0.05,zz_scale_0.05,1,4.140522988255645
44,0.05,0.05,zz_scale_0.05,1,3.98090392027831
44,0.05,0.05,zz_scale_0.05,1,4.219656776028602
44,0.05,0.05,zz_scale_0.05,1,3.890708975144642
44,0.05,0.05,zz_scale_0.05,1,4.315870310504685
44,0.05,0.05,zz_scale_0.05,1,4.197755649709494
44,0.05,0.05,zz_scale_0.05,1,4.086698507334172
44,0.05,0.15,zz_scale_0.15,1,4.969586096416975
44,0.05,0.15,zz_scale_0.15,1,3.9968878658628637
44,0.05,0.15,zz_scale_0.15,1,4.169164482758411
44,0.05,0.15,zz_scale_0.15,1,4.133279067714608
44,0.05,0.15,zz_scale_0.15,1,4.367096735845405
44,0.05,0.15,zz_scale_0.15,1,4.203696960898741
44,0.05,0.15,zz_scale_0.15,1,4.495511353591138
44,0.05,0.15,zz_scale_0.15,1,5.053951141858453
44,0.05,0.15,zz_scale_0.15,1,4.3356546153553515
44,0.05,0.15,zz_scale_0.15,1,4.321423626262235
44,0.05,0.15,zz_scale_0.15,1,4.133057497867452
44,0.05,0.15,zz_scale_0.15,1,4.412985469100095
44,0.05,0.15,zz_scale_0.15,1,4.490282720900273
44,0.05,0.15,zz_scale_0.15,1,4.1560675841674675
44,0.05,0.15,zz_scale_0.15,1,5.015857053811685
44,0.05,0.3,zz_scale_0.3,1,5.132356019919668
44,0.05,0.3,zz_scale_0.3,1,5.424560882441347
44,0.05,0.3,zz_scale_0.3,1,5.2439702403403725
44,0.05,0.3,zz_scale_0.3,1,4.881429435865711
44,0.05,0.3,zz_scale_0.3,1,4.584339959639973
44,0.05,0.3,zz_scale_0.3,1,5.200678749949188
44,0.05,0.3,zz_scale_0.3,1,5.207462359811354
44,0.05,0.3,zz_scale_0.3,1,5.472524487193782
44,0.05,0.3,zz_scale_0.3,1,5.040600065192055
44,0.05,0.3,zz_scale_0.3,1,4.874687154668065
44,0.05,0.3,zz_scale_0.3,1,5.376905173685457
44,0.05,0.3,zz_scale_0.3,1,4.979339262423895
44,0.05,0.3,zz_scale_0.3,1,4.272109336621726
44,0.05,0.3,zz_scale_0.3,1,4.700189512293099
44,0.05,0.3,zz_scale_0.3,1,5.1572731093928486
44,0.1,,clean,0,3.8300022898738644
44,0.1,,clean,0,3.905667433788261
44,0.1,,clean,0,4.158286080507217
44,0.1,,clean,0,3.8897906775363076
44,0.1,,clean,0,3.6828955499783644
44,0.1,,clean,0,3.6853575104396206
44,0.1,,clean,0,4.415950731329995
44,0.1,,clean,0,4.047563687152606
44,0.1,,clean,0,3.8262129767493467
44,0.1,,clean,0,3.969250099826184
44,0.1,,clean,0,4.070341321816186
44,0.1,,clean,0,4.0495087184413086
44,0.1,,clean,0,3.9438229881826974
44,0.1,,clean,0,3.8868227568103193
44,0.1,,clean,0,4.140956546477492
44,0.1,0.05,zz_scale_0.05,1,3.769482778794092
44,0.1,0.05,zz_scale_0.05,1,4.143915660430789
44,0.1,0.05,zz_scale_0.05,1,4.3457657446160525
44,0.1,0.05,zz_scale_0.05,1,4.011496494409062
44,0.1,0.05,zz_scale_0.05,1,4.311186545682596
44,0.1,0.05,zz_scale_0.05,1,4.027053835232631
44,0.1,0.05,zz_scale_0.05,1,3.9246761451624224
44,0.1,0.05,zz_scale_0.05,1,3.6192303407169404
44,0.1,0.05,zz_scale_0.05,1,3.7257264649194366
44,0.1,0.05,zz_scale_0.05,1,4.027831615148571
44,0.1,0.05,zz_scale_0.05,1,4.223853870930614
44,0.1,0.05,zz_scale_0.05,1,3.7532749532212146
44,0.1,0.05,zz_scale_0.05,1,3.578667725190444
44,0.1,0.05,zz_scale_0.05,1,3.820518524109274
44,0.1,0.05,zz_scale_0.05,1,4.284719161072483
44,0.1,0.15,zz_scale_0.15,1,4.855916307909575
44,0.1,0.15,zz_scale_0.15,1,4.095198958234247
44,0.1,0.15,zz_scale_0.15,1,4.749326629817547
44,0.1,0.15,zz_scale_0.15,1,4.087831487589759
44,0.1,0.15,zz_scale_0.15,1,4.452398528207802
44,0.1,0.15,zz_scale_0.15,1,4.348706501045385
44,0.1,0.15,zz_scale_0.15,1,4.073789781511579
44,0.1,0.15,zz_scale_0.15,1,3.857319395643613
44,0.1,0.15,zz_scale_0.15,1,4.786121675047404
44,0.1,0.15,zz_scale_0.15,1,3.942145335644512
44,0.1,0.15,zz_scale_0.15,1,4.82267118419063
44,0.1,0.15,zz_scale_0.15,1,3.765258018276154
44,0.1,0.15,zz_scale_0.15,1,4.701355267665601
44,0.1,0.15,zz_scale_0.15,1,4.345672328566883
44,0.1,0.15,zz_scale_0.15,1,4.424406414256862
44,0.1,0.3,zz_scale_0.3,1,5.394889205766769
44,0.1,0.3,zz_scale_0.3,1,4.2888201950606675
44,0.1,0.3,zz_scale_0.3,1,5.793095107293282
44,0.1,0.3,zz_scale_0.3,1,4.764340955976023
44,0.1,0.3,zz_scale_0.3,1,5.154335785934697
44,0.1,0.3,zz_scale_0.3,1,5.086892427510782
44,0.1,0.3,zz_scale_0.3,1,4.769385923925545
44,0.1,0.3,zz_scale_0.3,1,5.000737038452379
44,0.1,0.3,zz_scale_0.3,1,5.448901428787973
44,0.1,0.3,zz_scale_0.3,1,4.64418591488772
44,0.1,0.3,zz_scale_0.3,1,5.012490332928512
44,0.1,0.3,zz_scale_0.3,1,5.097118299658598
44,0.1,0.3,zz_scale_0.3,1,4.829524813533522
44,0.1,0.3,zz_scale_0.3,1,4.975823970534608
44,0.1,0.3,zz_scale_0.3,1,4.9271131383449065
45,0.0,,clean,0,3.466107763233229
45,0.0,,clean,0,3.759680090036125
45,0.0,,clean,0,3.523083865198523
45,0.0,,clean,0,3.9134164912551346
45,0.0,,clean,0,4.126724779784888
45,0.0,,clean,0,3.62151195456864
45,0.0,,clean,0,3.8799683472261273
45,0.0,,clean,0,4.0685344000612975
45,0.0,,clean,0,3.4624426190676423
45,0.0,,clean,0,3.0137415981457
45,0.0,,clean,0,3.7345408997955167
45,0.0,,clean,0,3.914930194307569
45,0.0,,clean,0,4.465575493266019
45,0.0,,clean,0,3.7932259077225305
45,0.0,,clean,0,3.5462586279803228
45,0.0,0.05,zz_scale_0.05,1,4.0595529433771285
45,0.0,0.05,zz_scale_0.05,1,4.328883710520502
45,0.0,0.05,zz_scale_0.05,1,4.298173255699295
45,0.0,0.05,zz_scale_0.05,1,4.077635123592968
45,0.0,0.05,zz_scale_0.05,1,3.9830556009312117
45,0.0,0.05,zz_scale_0.05,1,3.6226143619813533
45,0.0,0.05,zz_scale_0.05,1,3.8833185966359953
45,0.0,0.05,zz_scale_0.05,1,4.119626269202952
45,0.0,0.05,zz_scale_0.05,1,3.2797684036586316
45,0.0,0.05,zz_scale_0.05,1,4.260760074948262
45,0.0,0.05,zz_scale_0.05,1,4.230077550925539
45,0.0,0.05,zz_scale_0.05,1,3.947928637158241
45,0.0,0.05,zz_scale_0.05,1,3.4082933120355987
45,0.0,0.05,zz_scale_0.05,1,3.7080253035177426
45,0.0,0.05,zz_scale_0.05,1,3.31405297509601
45,0.0,0.15,zz_scale_0.15,1,4.254409506681304
45,0.0,0.15,zz_scale_0.15,1,4.002902073342009
45,0.0,0.15,zz_scale_0.15,1,4.6333966447935175
45,0.0,0.15,zz_scale_0.15,1,4.023004427781589
45,0.0,0.15,zz_scale_0.15,1,4.992202177361038
45,0.0,0.15,zz_scale_0.15,1,4.634751801372335
45,0.0,0.15,zz_scale_0.15,1,4.487732296296211
45,0.0,0.15,zz_scale_0.15,1,4.426417717833843
45,0.0,0.15,zz_scale_0.15,1,4.513426915185842
45,0.0,0.15,zz_scale_0.15,1,4.368702823472347
45,0.0,0.15,zz_scale_0.15,1,3.8957003077905723
45,0.0,0.15,zz_scale_0.15,1,4.6320977811972215
45,0.0,0.15,zz_scale_0.15,1,4.53509321308588
45,0.0,0.15,zz_scale_0.15,1,4.399771361284439
45,0.0,0.15,zz_scale_0.15,1,4.867623928342758
45,0.0,0.3,zz_scale_0.3,1,5.550619784580596
45,0.0,0.3,zz_scale_0.3,1,5.605711335384976
45,0.0,0.3,zz_scale_0.3,1,4.828852952451656
45,0.0,0.3,zz_scale_0.3,1,5.11869527932819
45,0.0,0.3,zz_scale_0.3,1,5.232980591424202
45,0.0,0.3,zz_scale_0.3,1,5.074500445792369
45,0.0,0.3,zz_scale_0.3,1,5.324928288231764
45,0.0,0.3,zz_scale_0.3,1,5.218492649469806
45,0.0,0.3,zz_scale_0.3,1,5.518793660062964
45,0.0,0.3,zz_scale_0.3,1,5.108101556853407
45,0.0,0.3,zz_scale_0.3,1,4.926524879387801
45,0.0,0.3,zz_scale_0.3,1,4.7540633453160055
45,0.0,0.3,zz_scale_0.3,1,5.233359602165242
45,0.0,0.3,zz_scale_0.3,1,5.6179654824401
45,0.0,0.3,zz_scale_0.3,1,5.207532419932789
45,0.01,,clean,0,4.308460501440515
45,0.01,,clean,0,4.22112526176911
45,0.01,,clean,0,4.346653971120541
45,0.01,,clean,0,3.7794750053776576
45,0.01,,clean,0,3.9408196495219805
45,0.01,,clean,0,3.8309646481131945
45,0.01,,clean,0,3.836564617959683
45,0.01,,clean,0,3.8725295060322833
45,0.01,,clean,0,4.136150686368467
45,0.01,,clean,0,3.881927836661687
45,0.01,,clean,0,3.7570191528419365
45,0.01,,clean,0,3.815375699136948
45,0.01,,clean,0,4.009870957496247
45,0.01,,clean,0,3.9595440932193657
45,0.01,,clean,0,3.601449047929391
45,0.01,0.05,zz_scale_0.05,1,3.9624742492741
45,0.01,0.05,zz_scale_0.05,1,3.7082414952545273
45,0.01,0.05,zz_scale_0.05,1,4.13898282779099
45,0.01,0.05,zz_scale_0.05,1,4.020297709976247
45,0.01,0.05,zz_scale_0.05,1,4.049063383237027
45,0.01,0.05,zz_scale_0.05,1,3.8902397368420645
45,0.01,0.05,zz_scale_0.05,1,4.021842846881001
45,0.01,0.05,zz_scale_0.05,1,3.7789618207385467
45,0.01,0.05,zz_scale_0.05,1,4.597125910488641
45,0.01,0.05,zz_scale_0.05,1,3.9037213194628526
45,0.01,0.05,zz_scale_0.05,1,4.668845665583441
45,0.01,0.05,zz_scale_0.05,1,3.669368537424983
45,0.01,0.05,zz_scale_0.05,1,3.819714864757251
45,0.01,0.05,zz_scale_0.05,1,4.653555886727121
45,0.01,0.05,zz_scale_0.05,1,3.7420275071302154
45,0.01,0.15,zz_scale_0.15,1,4.749792526032139
45,0.01,0.15,zz_scale_0.15,1,4.233152914672936
45,0.01,0.15,zz_scale_0.15,1,4.648068374470618
45,0.01,0.15,zz_scale_0.15,1,4.539796829863888
45,0.01,0.15,zz_scale_0.15,1,4.683787043233971
45,0.01,0.15,zz_scale_0.15,1,4.341616103593104
45,0.01,0.15,zz_scale_0.15,1,4.723365981875137
45,0.01,0.15,zz_scale_0.15,1,4.7110856972935755
45,0.01,0.15,zz_scale_0.15,1,4.495396420224452
45,0.01,0.15,zz_scale_0.15,1,4.026069696854816
45,0.01,0.15,zz_scale_0.15,1,3.3607743634099556
45,0.01,0.15,zz_scale_0.15,1,4.338583282265605
45,0.01,0.15,zz_scale_0.15,1,4.549550883365706
45,0.01,0.15,zz_scale_0.15,1,4.335916121660702
45,0.01,0.15,zz_scale_0.15,1,4.276110039434263
45,0.01,0.3,zz_scale_0.3,1,5.02737234159718
45,0.01,0.3,zz_scale_0.3,1,4.863208419525928
45,0.01,0.3,zz_scale_0.3,1,5.625610483191379
45,0.01,0.3,zz_scale_0.3,1,5.121212641923265
45,0.01,0.3,zz_scale_0.3,1,5.769892588784458
45,0.01,0.3,zz_scale_0.3,1,5.271633424206214
45,0.01,0.3,zz_scale_0.3,1,5.187588021054702
45,0.01,0.3,zz_scale_0.3,1,5.63348591619044
45,0.01,0.3,zz_scale_0.3,1,5.352793844551582
45,0.01,0.3,zz_scale_0.3,1,5.336747134221971
45,0.01,0.3,zz_scale_0.3,1,5.171857308417934
45,0.01,0.3,zz_scale_0.3,1,4.5726828326596305
45,0.01,0.3,zz_scale_0.3,1,4.8780389744922985
45,0.01,0.3,zz_scale_0.3,1,5.283860235027876
45,0.01,0.3,zz_scale_0.3,1,5.490693564492878
45,0.02,,clean,0,4.600261469766568
45,0.02,,clean,0,3.571749972373689
45,0.02,,clean,0,3.8620867602987077
45,0.02,,clean,0,3.8222231918539293
45,0.02,,clean,0,3.7904167632619856
45,0.02,,clean,0,3.9556485809979205
45,0.02,,clean,0,2.776681550457315
45,0.02,,clean,0,3.9206211947968144
45,0.02,,clean,0,3.6569764106659415
45,0.02,,clean,0,3.8629798654422136
45,0.02,,clean,0,4.034985525536695
45,0.02,,clean,0,4.274094666920324
45,0.02,,clean,0,3.8468658856021074
45,0.02,,clean,0,3.526864238083414
45,0.02,,clean,0,3.5654889121950566
45,0.02,0.05,zz_scale_0.05,1,3.7748012095838575
45,0.02,0.05,zz_scale_0.05,1,3.8278863398825993
45,0.02,0.05,zz_scale_0.05,1,3.8211794352486503
45,0.02,0.05,zz_scale_0.05,1,3.6113266993343838
45,0.02,0.05,zz_scale_0.05,1,3.4947525088169464
45,0.02,0.05,zz_scale_0.05,1,4.042544314979804
45,0.02,0.05,zz_scale_0.05,1,3.9814818964552976
45,0.02,0.05,zz_scale_0.05,1,4.213943800928149
45,0.02,0.05,zz_scale_0.05,1,3.9667342886410384
45,0.02,0.05,zz_scale_0.05,1,3.8335925167702025
45,0.02,0.05,zz_scale_0.05,1,4.426181130885448
45,0.02,0.05,zz_scale_0.05,1,3.583599213123202
45,0.02,0.05,zz_scale_0.05,1,3.9675134077043803
45,0.02,0.05,zz_scale_0.05,1,4.055356044815689
45,0.02,0.05,zz_scale_0.05,1,4.1331365526500905
45,0.02,0.15,zz_scale_0.15,1,4.099513950580843
45,0.02,0.15,zz_scale_0.15,1,4.557640312523308
45,0.02,0.15,zz_scale_0.15,1,4.49382536980036
45,0.02,0.15,zz_scale_0.15,1,3.9566988353934534
45,0.02,0.15,zz_scale_0.15,1,4.220624047334677
45,0.02,0.15,zz_scale_0.15,1,4.375464011147067
45,0.02,0.15,zz_scale_0.15,1,4.398345300248481
45,0.02,0.15,zz_scale_0.15,1,5.1480532054606005
45,0.02,0.15,zz_scale_0.15,1,4.391642860535405
45,0.02,0.15,zz_scale_0.15,1,4.109598265628031
45,0.02,0.15,zz_scale_0.15,1,4.498868221568351
45,0.02,0.15,zz_scale_0.15,1,4.43322922724557
45,0.02,0.15,zz_scale_0.15,1,4.036606803625059
45,0.02,0.15,zz_scale_0.15,1,4.784397748147717
45,0.02,0.15,zz_scale_0.15,1,4.081905982809629
45,0.02,0.3,zz_scale_0.3,1,5.552418412103603
45,0.02,0.3,zz_scale_0.3,1,4.784189888068656
45,0.02,0.3,zz_scale_0.3,1,5.038425184449962
45,0.02,0.3,zz_scale_0.3,1,4.63458766465119
45,0.02,0.3,zz_scale_0.3,1,5.704010741443495
45,0.02,0.3,zz_scale_0.3,1,5.179714305414461
45,0.02,0.3,zz_scale_0.3,1,5.22972193764206
45,0.02,0.3,zz_scale_0.3,1,5.426013868097875
45,0.02,0.3,zz_scale_0.3,1,5.249813838926607
45,0.02,0.3,zz_scale_0.3,1,5.441618512602661
45,0.02,0.3,zz_scale_0.3,1,5.19789905995906
45,0.02,0.3,zz_scale_0.3,1,5.242060895294316
45,0.02,0.3,zz_scale_0.3,1,5.388442303306922
45,0.02,0.3,zz_scale_0.3,1,4.5385073585203335
45,0.02,0.3,zz_scale_0.3,1,5.69644443459979
45,0.05,,clean,0,3.528696699382109
45,0.05,,clean,0,3.76093086438102
45,0.05,,clean,0,3.713017053240243
45,0.05,,clean,0,3.4949036716145176
45,0.05,,clean,0,3.5607127915345878
45,0.05,,clean,0,4.055014780839214
45,0.05,,clean,0,3.6566847773845654
45,0.05,,clean,0,3.670417689923697
45,0.05,,clean,0,4.027257931185438
45,0.05,,clean,0,3.905591070876175
45,0.05,,clean,0,3.590015954838381
45,0.05,,clean,0,4.231001442966566
45,0.05,,clean,0,3.434466773220935
45,0.05,,clean,0,3.7634906644461132
45,0.05,,clean,0,4.342210349678536
45,0.05,0.05,zz_scale_0.05,1,4.029838631782415
45,0.05,0.05,zz_scale_0.05,1,4.241009284228502
45,0.05,0.05,zz_scale_0.05,1,3.9891092513526325
45,0.05,0.05,zz_scale_0.05,1,4.188629535500139
45,0.05,0.05,zz_scale_0.05,1,4.252981313656074
45,0.05,0.05,zz_scale_0.05,1,4.206843147789953
45,0.05,0.05,zz_scale_0.05,1,4.223010572102093
45,0.05,0.05,zz_scale_0.05,1,3.4639327698777285
45,0.05,0.05,zz_scale_0.05,1,3.993586048838356
45,0.05,0.05,zz_scale_0.05,1,4.244216308340498
45,0.05,0.05,zz_scale_0.05,1,3.6434881142574516
45,0.05,0.05,zz_scale_0.05,1,3.944219824655505
45,0.05,0.05,zz_scale_0.05,1,3.6557698194762165
45,0.05,0.05,zz_scale_0.05,1,3.903694794986513
45,0.05,0.05,zz_scale_0.05,1,3.8920311604186133
45,0.05,0.15,zz_scale_0.15,1,4.841662651001467
45,0.05,0.15,zz_scale_0.15,1,5.0846853388025215
45,0.05,0.15,zz_scale_0.15,1,4.208370214905155
45,0.05,0.15,zz_scale_0.15,1,4.447669912142265
45,0.05,0.15,zz_scale_0.15,1,4.938992676498284
45,0.05,0.15,zz_scale_0.15,1,4.59490160194237
45,0.05,0.15,zz_scale_0.15,1,4.382480432458507
45,0.05,0.15,zz_scale_0.15,1,4.227968770520809
45,0.05,0.15,zz_scale_0.15,1,5.281732266384872
45,0.05,0.15,zz_scale_0.15,1,4.148743852368183
45,0.05,0.15,zz_scale_0.15,1,3.91914504417339
45,0.05,0.15,zz_scale_0.15,1,4.301750891274769
45,0.05,0.15,zz_scale_0.15,1,4.525587620843959
45,0.05,0.15,zz_scale_0.15,1,4.595597613289479
45,0.05,0.15,zz_scale_0.15,1,4.347536626883436
45,0.05,0.3,zz_scale_0.3,1,5.436395625225512
45,0.05,0.3,zz_scale_0.3,1,5.436479937194405
45,0.05,0.3,zz_scale_0.3,1,4.722970476452771
45,0.05,0.3,zz_scale_0.3,1,4.78724161311479
45,0.05,0.3,zz_scale_0.3,1,4.867263884506965
45,0.05,0.3,zz_scale_0.3,1,4.513667388920402
45,0.05,0.3,zz_scale_0.3,1,5.105603100185886
45,0.05,0.3,zz_scale_0.3,1,5.0807394044399645
45,0.05,0.3,zz_scale_0.3,1,4.688465620670117
45,0.05,0.3,zz_scale_0.3,1,5.620177076785246
45,0.05,0.3,zz_scale_0.3,1,5.267381356249174
45,0.05,0.3,zz_scale_0.3,1,5.756917801429365
45,0.05,0.3,zz_scale_0.3,1,5.282866844895865
45,0.05,0.3,zz_scale_0.3,1,5.002006695547751
45,0.05,0.3,zz_scale_0.3,1,4.955289202697943
45,0.1,,clean,0,3.9956119932674783
45,0.1,,clean,0,3.7162703808512907
45,0.1,,clean,0,3.8927977663464395
45,0.1,,clean,0,3.14444293216125
45,0.1,,clean,0,3.705635341363037
45,0.1,,clean,0,4.112142383660075
45,0.1,,clean,0,3.8178883797240486
45,0.1,,clean,0,3.75824450448245
45,0.1,,clean,0,3.9614966314513094
45,0.1,,clean,0,4.162746240092466
45,0.1,,clean,0,4.295600477604263
45,0.1,,clean,0,3.7740107401522716
45,0.1,,clean,0,4.011144654799236
45,0.1,,clean,0,3.5447472438475613
45,0.1,,clean,0,4.284202121421138
45,0.1,0.05,zz_scale_0.05,1,4.287825357381445
45,0.1,0.05,zz_scale_0.05,1,4.304879291554128
45,0.1,0.05,zz_scale_0.05,1,3.5248993669598656
45,0.1,0.05,zz_scale_0.05,1,3.7828486737776017
45,0.1,0.05,zz_scale_0.05,1,4.151110357750594
45,0.1,0.05,zz_scale_0.05,1,3.660555729748835
45,0.1,0.05,zz_scale_0.05,1,4.595283995181543
45,0.1,0.05,zz_scale_0.05,1,3.968585146613987
45,0.1,0.05,zz_scale_0.05,1,3.237326454825678
45,0.1,0.05,zz_scale_0.05,1,3.6325659341829164
45,0.1,0.05,zz_scale_0.05,1,3.9563041630861377
45,0.1,0.05,zz_scale_0.05,1,3.8340664620368177
45,0.1,0.05,zz_scale_0.05,1,3.4709077609546686
45,0.1,0.05,zz_scale_0.05,1,4.1217785207615725
45,0.1,0.05,zz_scale_0.05,1,4.063263678949307
45,0.1,0.15,zz_scale_0.15,1,4.719644166674919
45,0.1,0.15,zz_scale_0.15,1,4.541023772170031
45,0.1,0.15,zz_scale_0.15,1,4.12756296193928
45,0.1,0.15,zz_scale_0.15,1,4.5117478517160725
45,0.1,0.15,zz_scale_0.15,1,4.382821634002403
45,0.1,0.15,zz_scale_0.15,1,4.318311653877929
45,0.1,0.15,zz_scale_0.15,1,5.036028566337795
45,0.1,0.15,zz_scale_0.15,1,4.2520863186385265
45,0.1,0.15,zz_scale_0.15,1,4.698394637302265
45,0.1,0.15,zz_scale_0.15,1,4.272011401026065
45,0.1,0.15,zz_scale_0.15,1,4.399887740760451
45,0.1,0.15,zz_scale_0.15,1,4.565708191672456
45,0.1,0.15,zz_scale_0.15,1,4.349616967006899
45,0.1,0.15,zz_scale_0.15,1,4.1600918444218875
45,0.1,0.15,zz_scale_0.15,1,4.047084310671645
45,0.1,0.3,zz_scale_0.3,1,4.912456884261592
45,0.1,0.3,zz_scale_0.3,1,5.459707311396179
45,0.1,0.3,zz_scale_0.3,1,5.446081555647391
45,0.1,0.3,zz_scale_0.3,1,4.98039471731074
45,0.1,0.3,zz_scale_0.3,1,5.3558506028154795
45,0.1,0.3,zz_scale_0.3,1,4.620845974609784
45,0.1,0.3,zz_scale_0.3,1,5.674503454750327
45,0.1,0.3,zz_scale_0.3,1,5.1491266571674545
45,0.1,0.3,zz_scale_0.3,1,4.915838802916761
45,0.1,0.3,zz_scale_0.3,1,5.5053668086915355
45,0.1,0.3,zz_scale_0.3,1,5.2868258864146345
45,0.1,0.3,zz_scale_0.3,1,5.221037963039336
45,0.1,0.3,zz_scale_0.3,1,5.191538668861812
45,0.1,0.3,zz_scale_0.3,1,4.374843571757574
45,0.1,0.3,zz_scale_0.3,1,4.618817798406722
46,0.0,,clean,0,3.107741621764431
46,0.0,,clean,0,3.55108554214345
46,0.0,,clean,0,3.7197913490274037
46,0.0,,clean,0,3.5250758260599957
46,0.0,,clean,0,4.189253400103647
46,0.0,,clean,0,4.341052408807541
46,0.0,,clean,0,3.5856806531820267
46,0.0,,clean,0,4.0624951644198495
46,0.0,,clean,0,4.001638559900732
46,0.0,,clean,0,3.669050791937565
46,0.0,,clean,0,3.6279516784636314
46,0.0,,clean,0,3.346049202775826
46,0.0,,clean,0,3.4437683554668217
46,0.0,,clean,0,3.831758565596117
46,0.0,,clean,0,3.678817502620321
46,0.0,0.05,zz_scale_0.05,1,4.356587558479238
46,0.0,0.05,zz_scale_0.05,1,4.5619222126937276
46,0.0,0.05,zz_scale_0.05,1,3.9018218538007834
46,0.0,0.05,zz_scale_0.05,1,3.7881745660423194
46,0.0,0.05,zz_scale_0.05,1,3.7435698908938164
46,0.0,0.05,zz_scale_0.05,1,3.9043285963073746
46,0.0,0.05,zz_scale_0.05,1,4.051557857284271
46,0.0,0.05,zz_scale_0.05,1,4.207463588561619
46,0.0,0.05,zz_scale_0.05,1,4.15550696315791
46,0.0,0.05,zz_scale_0.05,1,3.746816175644002
46,0.0,0.05,zz_scale_0.05,1,3.668116829090447
46,0.0,0.05,zz_scale_0.05,1,3.819256132392816
46,0.0,0.05,zz_scale_0.05,1,4.236959654881805
46,0.0,0.05,zz_scale_0.05,1,3.268742624934013
46,0.0,0.05,zz_scale_0.05,1,3.6937848013192327
46,0.0,0.15,zz_scale_0.15,1,4.51495243157032
46,0.0,0.15,zz_scale_0.15,1,4.016787197787764
46,0.0,0.15,zz_scale_0.15,1,4.477249350093464
46,0.0,0.15,zz_scale_0.15,1,4.48756664341675
46,0.0,0.15,zz_scale_0.15,1,4.306118408501366
46,0.0,0.15,zz_scale_0.15,1,4.277398339216751
46,0.0,0.15,zz_scale_0.15,1,4.2540162819198075
46,0.0,0.15,zz_scale_0.15,1,4.051040124132348
46,0.0,0.15,zz_scale_0.15,1,3.7330880068899495
46,0.0,0.15,zz_scale_0.15,1,4.214567837894365
46,0.0,0.15,zz_scale_0.15,1,3.5735054005951974
46,0.0,0.15,zz_scale_0.15,1,3.9042481447052966
46,0.0,0.15,zz_scale_0.15,1,4.444007749389909
46,0.0,0.15,zz_scale_0.15,1,3.854662813204364
46,0.0,0.15,zz_scale_0.15,1,3.2377881203207757
46,0.0,0.3,zz_scale_0.3,1,4.922628664864014
46,0.0,0.3,zz_scale_0.3,1,4.550157511892139
46,0.0,0.3,zz_scale_0.3,1,4.595373702353818
46,0.0,0.3,zz_scale_0.3,1,3.979915115772672
46,0.0,0.3,zz_scale_0.3,1,4.695191341710177
46,0.0,0.3,zz_scale_0.3,1,4.857464443486279
46,0.0,0.3,zz_scale_0.3,1,4.947209996023772
46,0.0,0.3,zz_scale_0.3,1,4.346852574394549
46,0.0,0.3,zz_scale_0.3,1,4.8502420182899275
46,0.0,0.3,zz_scale_0.3,1,4.853790584888463
46,0.0,0.3,zz_scale_0.3,1,4.8564537459526465
46,0.0,0.3,zz_scale_0.3,1,4.910772321691121
46,0.0,0.3,zz_scale_0.3,1,5.109349722828741
46,0.0,0.3,zz_scale_0.3,1,4.377968454632854
46,0.0,0.3,zz_scale_0.3,1,4.584308915013939
46,0.01,,clean,0,4.1483592642335525
46,0.01,,clean,0,3.5481679362198677
46,0.01,,clean,0,3.923565224361707
46,0.01,,clean,0,3.9038826583260797
46,0.01,,clean,0,3.4909634678132124
46,0.01,,clean,0,3.8454050049808437
46,0.01,,clean,0,3.7659996609435504
46,0.01,,clean,0,3.6988626333402674
46,0.01,,clean,0,3.8701950589600806
46,0.01,,clean,0,3.764773772924485
46,0.01,,clean,0,3.971982902860091
46,0.01,,clean,0,3.706915346474113
46,0.01,,clean,0,3.7485279432231033
46,0.01,,clean,0,4.123456318096445
46,0.01,,clean,0,4.1539420172753525
46,0.01,0.05,zz_scale_0.05,1,4.117035258397471
46,0.01,0.05,zz_scale_0.05,1,3.8903943323455388
46,0.01,0.05,zz_scale_0.05,1,3.8030769726138534
46,0.01,0.05,zz_scale_0.05,1,3.685691923686022
46,0.01,0.05,zz_scale_0.05,1,4.131417684337692
46,0.01,0.05,zz_scale_0.05,1,4.288633458491437
46,0.01,0.05,zz_scale_0.05,1,3.9672798645580687
46,0.01,0.05,zz_scale_0.05,1,4.067191387714776
46,0.01,0.05,zz_scale_0.05,1,3.60646299755547
46,0.01,0.05,zz_scale_0.05,1,3.808468624769057
46,0.01,0.05,zz_scale_0.05,1,3.6363284248331995
46,0.01,0.05,zz_scale_0.05,1,4.202798003109335
46,0.01,0.05,zz_scale_0.05,1,4.037448577592857
46,0.01,0.05,zz_scale_0.05,1,3.7810490320734726
46,0.01,0.05,zz_scale_0.05,1,3.477898954001327
46,0.01,0.15,zz_scale_0.15,1,4.020439970649151
46,0.01,0.15,zz_scale_0.15,1,4.149444717962835
46,0.01,0.15,zz_scale_0.15,1,4.3102704976288
46,0.01,0.15,zz_scale_0.15,1,4.2630463151228115
46,0.01,0.15,zz_scale_0.15,1,3.984929755319074
46,0.01,0.15,zz_scale_0.15,1,4.468780498703879
46,0.01,0.15,zz_scale_0.15,1,4.417393077738799
46,0.01,0.15,zz_scale_0.15,1,4.148499358358704
46,0.01,0.15,zz_scale_0.15,1,3.855215860971898
46,0.01,0.15,zz_scale_0.15,1,3.881097439704666
46,0.01,0.15,zz_scale_0.15,1,4.047626479001574
46,0.01,0.15,zz_scale_0.15,1,4.377336683159037
46,0.01,0.15,zz_scale_0.15,1,4.00342102418034
46,0.01,0.15,zz_scale_0.15,1,4.405114876409008
46,0.01,0.15,zz_scale_0.15,1,4.144383634707599
46,0.01,0.3,zz_scale_0.3,1,4.3579562819489865
46,0.01,0.3,zz_scale_0.3,1,4.935681328020805
46,0.01,0.3,zz_scale_0.3,1,5.322715715745225
46,0.01,0.3,zz_scale_0.3,1,4.978336439339542
46,0.01,0.3,zz_scale_0.3,1,4.9627038218010116
46,0.01,0.3,zz_scale_0.3,1,4.930762133290224
46,0.01,0.3,zz_scale_0.3,1,4.898056729499361
46,0.01,0.3,zz_scale_0.3,1,4.875520767033008
46,0.01,0.3,zz_scale_0.3,1,5.000072446954482
46,0.01,0.3,zz_scale_0.3,1,4.78683724836845
46,0.01,0.3,zz_scale_0.3,1,4.5453721343674625
46,0.01,0.3,zz_scale_0.3,1,4.475874324711351
46,0.01,0.3,zz_scale_0.3,1,4.439020209708928
46,0.01,0.3,zz_scale_0.3,1,4.780619510627737
46,0.01,0.3,zz_scale_0.3,1,4.921324255896164
46,0.02,,clean,0,3.7143617836700584
46,0.02,,clean,0,4.041017726836908
46,0.02,,clean,0,3.1433793810381387
46,0.02,,clean,0,3.822778523414264
46,0.02,,clean,0,3.9116315635043537
46,0.02,,clean,0,4.062457027255039
46,0.02,,clean,0,4.121876012796775
46,0.02,,clean,0,3.7402599060392174
46,0.02,,clean,0,3.2117492676901795
46,0.02,,clean,0,4.039801909692211
46,0.02,,clean,0,4.240143428810841
46,0.02,,clean,0,4.4958814404143554
46,0.02,,clean,0,4.154777359492579
46,0.02,,clean,0,3.7229222048633033
46,0.02,,clean,0,4.0484538014901785
46,0.02,0.05,zz_scale_0.05,1,3.513574671130096
46,0.02,0.05,zz_scale_0.05,1,4.006266178363671
46,0.02,0.05,zz_scale_0.05,1,4.304077352203026
46,0.02,0.05,zz_scale_0.05,1,4.119081925206275
46,0.02,0.05,zz_scale_0.05,1,3.987910900721657
46,0.02,0.05,zz_scale_0.05,1,4.086712584520891
46,0.02,0.05,zz_scale_0.05,1,3.5711304953967336
46,0.02,0.05,zz_scale_0.05,1,4.026747599359461
46,0.02,0.05,zz_scale_0.05,1,3.889772638063449
46,0.02,0.05,zz_scale_0.05,1,3.76884828403756
46,0.02,0.05,zz_scale_0.05,1,4.333431251408363
46,0.02,0.05,zz_scale_0.05,1,4.410733541709876
46,0.02,0.05,zz_scale_0.05,1,3.9836394454050077
46,0.02,0.05,zz_scale_0.05,1,4.0394661398366205
46,0.02,0.05,zz_scale_0.05,1,3.690441829679841
46,0.02,0.15,zz_scale_0.15,1,4.859722729212996
46,0.02,0.15,zz_scale_0.15,1,4.326690551079105
46,0.02,0.15,zz_scale_0.15,1,3.5202572892195865
46,0.02,0.15,zz_scale_0.15,1,4.505757299516986
46,0.02,0.15,zz_scale_0.15,1,4.208020051932571
46,0.02,0.15,zz_scale_0.15,1,3.8463394682594227
46,0.02,0.15,zz_scale_0.15,1,4.001945776221815
46,0.02,0.15,zz_scale_0.15,1,4.530408070819481
46,0.02,0.15,zz_scale_0.15,1,4.216623953166921
46,0.02,0.15,zz_scale_0.15,1,4.705611896862836
46,0.02,0.15,zz_scale_0.15,1,4.149362630380278
46,0.02,0.15,zz_scale_0.15,1,4.360171977345443
46,0.02,0.15,zz_scale_0.15,1,4.107784119862689
46,0.02,0.15,zz_scale_0.15,1,4.422213870555878
46,0.02,0.15,zz_scale_0.15,1,3.8290121305701668
46,0.02,0.3,zz_scale_0.3,1,4.14243829023389
46,0.02,0.3,zz_scale_0.3,1,4.887084459791646
46,0.02,0.3,zz_scale_0.3,1,4.201344495606211
46,0.02,0.3,zz_scale_0.3,1,4.910660311141199
46,0.02,0.3,zz_scale_0.3,1,5.057000580678641
46,0.02,0.3,zz_scale_0.3,1,4.555278056192231
46,0.02,0.3,zz_scale_0.3,1,4.8677276693322025
46,0.02,0.3,zz_scale_0.3,1,4.48482132528105
46,0.02,0.3,zz_scale_0.3,1,5.005621269103102
46,0.02,0.3,zz_scale_0.3,1,4.568042090334243
46,0.02,0.3,zz_scale_0.3,1,4.530049730875799
46,0.02,0.3,zz_scale_0.3,1,4.538221337415106
46,0.02,0.3,zz_scale_0.3,1,4.54163464141031
46,0.02,0.3,zz_scale_0.3,1,4.960673016309205
46,0.02,0.3,zz_scale_0.3,1,4.935706449263285
46,0.05,,clean,0,3.408352088860392
46,0.05,,clean,0,3.552874096240034
46,0.05,,clean,0,4.020797402451331
46,0.05,,clean,0,4.1656190698776445
46,0.05,,clean,0,3.8777701979993333
46,0.05,,clean,0,4.413000662117931
46,0.05,,clean,0,3.4739277452135546
46,0.05,,clean,0,4.561989334129743
46,0.05,,clean,0,4.118710079309615
46,0.05,,clean,0,4.420118854425624
46,0.05,,clean,0,4.059934870170379
46,0.05,,clean,0,4.1076626986832965
46,0.05,,clean,0,4.2681518927040205
46,0.05,,clean,0,4.265544932161747
46,0.05,,clean,0,3.656217061942561
46,0.05,0.05,zz_scale_0.05,1,4.029906386210663
46,0.05,0.05,zz_scale_0.05,1,3.4783078998728887
46,0.05,0.05,zz_scale_0.05,1,4.637546100810886
46,0.05,0.05,zz_scale_0.05,1,3.847008593066572
46,0.05,0.05,zz_scale_0.05,1,3.5248307224033506
46,0.05,0.05,zz_scale_0.05,1,4.43643027852024
46,0.05,0.05,zz_scale_0.05,1,3.533229433175311
46,0.05,0.05,zz_scale_0.05,1,3.7008203348349538
46,0.05,0.05,zz_scale_0.05,1,3.766873351850394
46,0.05,0.05,zz_scale_0.05,1,4.391137361186389
46,0.05,0.05,zz_scale_0.05,1,3.87104472013506
46,0.05,0.05,zz_scale_0.05,1,3.8554782791394495
46,0.05,0.05,zz_scale_0.05,1,3.7602316043404063
46,0.05,0.05,zz_scale_0.05,1,3.9966048280287607
46,0.05,0.05,zz_scale_0.05,1,4.174265688013911
46,0.05,0.15,zz_scale_0.15,1,4.218814795658523
46,0.05,0.15,zz_scale_0.15,1,4.497344139051855
46,0.05,0.15,zz_scale_0.15,1,4.16311100942379
46,0.05,0.15,zz_scale_0.15,1,4.22920158262137
46,0.05,0.15,zz_scale_0.15,1,3.4194262069912877
46,0.05,0.15,zz_scale_0.15,1,4.201822802437373
46,0.05,0.15,zz_scale_0.15,1,4.273045421447365
46,0.05,0.15,zz_scale_0.15,1,4.311343239049446
46,0.05,0.15,zz_scale_0.15,1,4.145364959865903
46,0.05,0.15,zz_scale_0.15,1,3.9564249239129294
46,0.05,0.15,zz_scale_0.15,1,4.093486219031187
46,0.05,0.15,zz_scale_0.15,1,3.9219892280603097
46,0.05,0.15,zz_scale_0.15,1,4.530393786057232
46,0.05,0.15,zz_scale_0.15,1,3.7600558438181286
46,0.05,0.15,zz_scale_0.15,1,3.8606078579949488
46,0.05,0.3,zz_scale_0.3,1,5.130051144473882
46,0.05,0.3,zz_scale_0.3,1,4.9112589371885225
46,0.05,0.3,zz_scale_0.3,1,4.507173834644789
46,0.05,0.3,zz_scale_0.3,1,4.307807141473529
46,0.05,0.3,zz_scale_0.3,1,5.051884399695373
46,0.05,0.3,zz_scale_0.3,1,5.037425682061221
46,0.05,0.3,zz_scale_0.3,1,4.730765890917179
46,0.05,0.3,zz_scale_0.3,1,4.57909828680023
46,0.05,0.3,zz_scale_0.3,1,4.446624139193515
46,0.05,0.3,zz_scale_0.3,1,5.2015235831570665
46,0.05,0.3,zz_scale_0.3,1,4.711828190542495
46,0.05,0.3,zz_scale_0.3,1,4.689015644605705
46,0.05,0.3,zz_scale_0.3,1,4.353821468812983
46,0.05,0.3,zz_scale_0.3,1,4.8584371512537405
46,0.05,0.3,zz_scale_0.3,1,4.778956705679044
46,0.1,,clean,0,3.656458687432783
46,0.1,,clean,0,3.9296782961349717
46,0.1,,clean,0,3.4880266586496775
46,0.1,,clean,0,4.131053093189378
46,0.1,,clean,0,4.323754484803913
46,0.1,,clean,0,3.721861085743971
46,0.1,,clean,0,4.075062780854533
46,0.1,,clean,0,4.265518346564832
46,0.1,,clean,0,4.459992289923897
46,0.1,,clean,0,3.368191588045591
46,0.1,,clean,0,4.18370009660697
46,0.1,,clean,0,4.551192935330321
46,0.1,,clean,0,3.959855510813698
46,0.1,,clean,0,3.5417271411687006
46,0.1,,clean,0,3.7127940442440504
46,0.1,0.05,zz_scale_0.05,1,3.9392757459299514
46,0.1,0.05,zz_scale_0.05,1,4.330405410003306
46,0.1,0.05,zz_scale_0.05,1,3.9372873656013283
46,0.1,0.05,zz_scale_0.05,1,3.9003004203502485
46,0.1,0.05,zz_scale_0.05,1,4.104259217757126
46,0.1,0.05,zz_scale_0.05,1,4.173850707683841
46,0.1,0.05,zz_scale_0.05,1,3.3658753213593195
46,0.1,0.05,zz_scale_0.05,1,3.8498769915499476
46,0.1,0.05,zz_scale_0.05,1,4.289145105298334
46,0.1,0.05,zz_scale_0.05,1,3.5563711685194987
46,0.1,0.05,zz_scale_0.05,1,3.799435539744003
46,0.1,0.05,zz_scale_0.05,1,4.1219952899191465
46,0.1,0.05,zz_scale_0.05,1,4.424882106018157
46,0.1,0.05,zz_scale_0.05,1,4.324699402424313
46,0.1,0.05,zz_scale_0.05,1,3.9035557891092556
46,0.1,0.15,zz_scale_0.15,1,3.877296630508262
46,0.1,0.15,zz_scale_0.15,1,4.270273731366122
46,0.1,0.15,zz_scale_0.15,1,4.27730222158003
46,0.1,0.15,zz_scale_0.15,1,4.264849748822908
46,0.1,0.15,zz_scale_0.15,1,4.708362741700415
46,0.1,0.15,zz_scale_0.15,1,4.30367712130105
46,0.1,0.15,zz_scale_0.15,1,3.822651272807573
46,0.1,0.15,zz_scale_0.15,1,4.108363893021878
46,0.1,0.15,zz_scale_0.15,1,4.25117556681117
46,0.1,0.15,zz_scale_0.15,1,3.756408833150075
46,0.1,0.15,zz_scale_0.15,1,4.149766003909334
46,0.1,0.15,zz_scale_0.15,1,4.233928593802836
46,0.1,0.15,zz_scale_0.15,1,4.26092695192646
46,0.1,0.15,zz_scale_0.15,1,4.239206383445677
46,0.1,0.15,zz_scale_0.15,1,3.9243199464404572
46,0.1,0.3,zz_scale_0.3,1,4.41967005103203
46,0.1,0.3,zz_scale_0.3,1,4.127713384946258
46,0.1,0.3,zz_scale_0.3,1,4.326574418273221
46,0.1,0.3,zz_scale_0.3,1,4.627704396494496
46,0.1,0.3,zz_scale_0.3,1,5.056150021414862
46,0.1,0.3,zz_scale_0.3,1,4.774384407797722
46,0.1,0.3,zz_scale_0.3,1,4.3159568435165605
46,0.1,0.3,zz_scale_0.3,1,4.286779956748149
46,0.1,0.3,zz_scale_0.3,1,5.1764882697539445
46,0.1,0.3,zz_scale_0.3,1,4.842084762199267
46,0.1,0.3,zz_scale_0.3,1,4.3415325088815075
46,0.1,0.3,zz_scale_0.3,1,4.368671565386616
46,0.1,0.3,zz_scale_0.3,1,4.676277080426841
46,0.1,0.3,zz_scale_0.3,1,4.1044172568516375
46,0.1,0.3,zz_scale_0.3,1,4.4666636561342
