seed,damping_g,zz_scale,condition,label,delta_pilot
42,0.0,,clean,0,3.886675147319894
42,0.0,,clean,0,3.9857027378401124
42,0.0,,clean,0,4.316026108271694
42,0.0,,clean,0,3.1784016356215647
42,0.0,,clean,0,3.997407846235834
42,0.0,,clean,0,4.104428969184123
42,0.0,,clean,0,3.8678533685688157
42,0.0,,clean,0,4.253212927530605
42,0.0,,clean,0,4.340853837691011
42,0.0,,clean,0,3.523602998051623
42,0.0,,clean,0,3.1612095672228584
42,0.0,,clean,0,4.1410640666113165
42,0.0,,clean,0,3.6325220775612714
42,0.0,,clean,0,3.7746025835803128
42,0.0,,clean,0,3.735957669470515
42,0.0,0.05,zz_scale_0.05,1,3.5596849822729038
42,0.0,0.05,zz_scale_0.05,1,3.925895105945651
42,0.0,0.05,zz_scale_0.05,1,4.1776721884468
42,0.0,0.05,zz_scale_0.05,1,3.85055831393851
42,0.0,0.05,zz_scale_0.05,1,3.4487240522033002
42,0.0,0.05,zz_scale_0.05,1,4.205307453646821
42,0.0,0.05,zz_scale_0.05,1,3.385757829562563
42,0.0,0.05,zz_scale_0.05,1,3.676304062183561
42,0.0,0.05,zz_scale_0.05,1,4.218524748860179
42,0.0,0.05,zz_scale_0.05,1,3.93039159862062
42,0.0,0.05,zz_scale_0.05,1,4.080525675750193
42,0.0,0.05,zz_scale_0.05,1,3.5765467128792925
42,0.0,0.05,zz_scale_0.05,1,3.389995849184983
42,0.0,0.05,zz_scale_0.05,1,4.313017236985114
42,0.0,0.05,zz_scale_0.05,1,4.061823624117214
42,0.0,0.15,zz_scale_0.15,1,3.7301753715487243
42,0.0,0.15,zz_scale_0.15,1,4.369464325520683
42,0.0,0.15,zz_scale_0.15,1,3.974642470656931
42,0.0,0.15,zz_scale_0.15,1,4.584353517792863
42,0.0,0.15,zz_scale_0.15,1,4.401678611088639
42,0.0,0.15,zz_scale_0.15,1,3.9872711938218828
42,0.0,0.15,zz_scale_0.15,1,4.37550353352151
42,0.0,0.15,zz_scale_0.15,1,4.469494545644381
42,0.0,0.15,zz_scale_0.15,1,4.500077661557594
42,0.0,0.15,zz_scale_0.15,1,4.3547002178593806
42,0.0,0.15,zz_scale_0.15,1,4.610488893848822
42,0.0,0.15,zz_scale_0.15,1,4.67016118409122
42,0.0,0.15,zz_scale_0.15,1,3.9613282718595353
42,0.0,0.15,zz_scale_0.15,1,4.276544392044104
42,0.0,0.15,zz_scale_0.15,1,4.1268550226137855
42,0.0,0.3,zz_scale_0.3,1,5.093238514853471
42,0.0,0.3,zz_scale_0.3,1,5.001043057305177
42,0.0,0.3,zz_scale_0.3,1,5.322490017556846
42,0.0,0.3,zz_scale_0.3,1,5.076457142811452
42,0.0,0.3,zz_scale_0.3,1,5.182184402736471
42,0.0,0.3,zz_scale_0.3,1,5.0195544718029605
42,0.0,0.3,zz_scale_0.3,1,5.038597225502418
42,0.0,0.3,zz_scale_0.3,1,5.589771486687323
42,0.0,0.3,zz_scale_0.3,1,5.1813866010433856
42,0.0,0.3,zz_scale_0.3,1,4.978265574103749
42,0.0,0.3,zz_scale_0.3,1,4.706413833216285
42,0.0,0.3,zz_scale_0.3,1,5.199089477707092
42,0.0,0.3,zz_scale_0.3,1,5.390697304452575
42,0.0,0.3,zz_scale_0.3,1,4.823904844512971
42,0.0,0.3,zz_scale_0.3,1,5.155315994561929
42,0.01,,clean,0,4.061974325006707
42,0.01,,clean,0,4.003145352543566
42,0.01,,clean,0,3.2978632757662756
42,0.01,,clean,0,3.8269470270133525
42,0.01,,clean,0,3.7087458593508855
42,0.01,,clean,0,4.025837222694115
42,0.01,,clean,0,4.003204832882989
42,0.01,,clean,0,4.22703316233792
42,0.01,,clean,0,3.7509413840730192
42,0.01,,clean,0,4.13151231635442
42,0.01,,clean,0,3.9084133801890792
42,0.01,,clean,0,4.135723276793672
42,0.01,,clean,0,3.8909942574158785
42,0.01,,clean,0,4.291789391875247
42,0.01,,clean,0,3.86918632856704
42,0.01,0.05,zz_scale_0.05,1,3.946194805043152
42,0.01,0.05,zz_scale_0.05,1,4.023126839905505
42,0.01,0.05,zz_scale_0.05,1,3.2827275747653433
42,0.01,0.05,zz_scale_0.05,1,3.675488321139594
42,0.01,0.05,zz_scale_0.05,1,3.987730827340803
42,0.01,0.05,zz_scale_0.05,1,3.830914020215614
42,0.01,0.05,zz_scale_0.05,1,3.4127268805234166
42,0.01,0.05,zz_scale_0.05,1,4.338800910295218
42,0.01,0.05,zz_scale_0.05,1,3.8673130845469643
42,0.01,0.05,zz_scale_0.05,1,3.693251368065978
42,0.01,0.05,zz_scale_0.05,1,3.9228918372699573
42,0.01,0.05,zz_scale_0.05,1,3.9744400337856685
42,0.01,0.05,zz_scale_0.05,1,3.681355776546015
42,0.01,0.05,zz_scale_0.05,1,3.859878562934301
42,0.01,0.05,zz_scale_0.05,1,4.462608374026316
42,0.01,0.15,zz_scale_0.15,1,4.528436725536453
42,0.01,0.15,zz_scale_0.15,1,3.5837061920801467
42,0.01,0.15,zz_scale_0.15,1,4.179578172151082
42,0.01,0.15,zz_scale_0.15,1,4.111839690396873
42,0.01,0.15,zz_scale_0.15,1,4.355067447575813
42,0.01,0.15,zz_scale_0.15,1,3.8734768029254725
42,0.01,0.15,zz_scale_0.15,1,4.126013938220461
42,0.01,0.15,zz_scale_0.15,1,4.4864121703340345
42,0.01,0.15,zz_scale_0.15,1,4.813202276572831
42,0.01,0.15,zz_scale_0.15,1,4.2612072976221675
42,0.01,0.15,zz_scale_0.15,1,4.252515066314891
42,0.01,0.15,zz_scale_0.15,1,4.393898404085442
42,0.01,0.15,zz_scale_0.15,1,4.0206376346388515
42,0.01,0.15,zz_scale_0.15,1,4.062210776094362
42,0.01,0.15,zz_scale_0.15,1,4.176090722104706
42,0.01,0.3,zz_scale_0.3,1,5.284419912044803
42,0.01,0.3,zz_scale_0.3,1,5.260643895440197
42,0.01,0.3,zz_scale_0.3,1,4.267367224570361
42,0.01,0.3,zz_scale_0.3,1,4.850849162975655
42,0.01,0.3,zz_scale_0.3,1,5.110568432762467
42,0.01,0.3,zz_scale_0.3,1,4.816747849328639
42,0.01,0.3,zz_scale_0.3,1,5.378354680868435
42,0.01,0.3,zz_scale_0.3,1,5.205657656220518
42,0.01,0.3,zz_scale_0.3,1,4.899944331056106
42,0.01,0.3,zz_scale_0.3,1,6.239596903645292
42,0.01,0.3,zz_scale_0.3,1,4.813441600407283
42,0.01,0.3,zz_scale_0.3,1,4.784279539965214
42,0.01,0.3,zz_scale_0.3,1,4.741247887080104
42,0.01,0.3,zz_scale_0.3,1,4.594764676261506
42,0.01,0.3,zz_scale_0.3,1,5.417961328144064
42,0.02,,clean,0,4.1773032078509225
42,0.02,,clean,0,3.6223900064042547
42,0.02,,clean,0,4.969950315835894
42,0.02,,clean,0,4.5705601429292475
42,0.02,,clean,0,4.388683996101496
42,0.02,,clean,0,3.942202140032125
42,0.02,,clean,0,3.679550218496648
42,0.02,,clean,0,4.683645965633777
42,0.02,,clean,0,3.5951962722523945
42,0.02,,clean,0,3.986452054417139
42,0.02,,clean,0,3.8399557137440414
42,0.02,,clean,0,3.8325551384393903
42,0.02,,clean,0,3.9349161831016883
42,0.02,,clean,0,4.208230250415298
42,0.02,,clean,0,3.6532887984452813
42,0.02,0.05,zz_scale_0.05,1,4.1702759599574755
42,0.02,0.05,zz_scale_0.05,1,3.827353630654909
42,0.02,0.05,zz_scale_0.05,1,3.8732308000315046
42,0.02,0.05,zz_scale_0.05,1,3.4862286638114703
42,0.02,0.05,zz_scale_0.05,1,3.8381061176646822
42,0.02,0.05,zz_scale_0.05,1,3.545563522983189
42,0.02,0.05,zz_scale_0.05,1,4.142660711284496
42,0.02,0.05,zz_scale_0.05,1,3.7645907414478956
42,0.02,0.05,zz_scale_0.05,1,3.869728421234875
42,0.02,0.05,zz_scale_0.05,1,4.069756961923819
42,0.02,0.05,zz_scale_0.05,1,3.9857322756168263
42,0.02,0.05,zz_scale_0.05,1,4.163619282816467
42,0.02,0.05,zz_scale_0.05,1,3.922272968498773
42,0.02,0.05,zz_scale_0.05,1,3.6074804679159733
42,0.02,0.05,zz_scale_0.05,1,4.457587711359672
42,0.02,0.15,zz_scale_0.15,1,4.25509901640934
42,0.02,0.15,zz_scale_0.15,1,4.911807334455079
42,0.02,0.15,zz_scale_0.15,1,4.303227750601068
42,0.02,0.15,zz_scale_0.15,1,4.799010994020024
42,0.02,0.15,zz_scale_0.15,1,3.876083403952954
42,0.02,0.15,zz_scale_0.15,1,3.7725534649422316
42,0.02,0.15,zz_scale_0.15,1,4.0733750616179085
42,0.02,0.15,zz_scale_0.15,1,4.73080921889089
42,0.02,0.15,zz_scale_0.15,1,3.7485266652001346
42,0.02,0.15,zz_scale_0.15,1,4.304135681884011
42,0.02,0.15,zz_scale_0.15,1,4.152164249193882
42,0.02,0.15,zz_scale_0.15,1,4.3534729718091585
42,0.02,0.15,zz_scale_0.15,1,4.791354898926345
42,0.02,0.15,zz_scale_0.15,1,4.193717498714364
42,0.02,0.15,zz_scale_0.15,1,4.235878450171454
42,0.02,0.3,zz_scale_0.3,1,5.207713950824969
42,0.02,0.3,zz_scale_0.3,1,5.108546199091325
42,0.02,0.3,zz_scale_0.3,1,4.704045923326231
42,0.02,0.3,zz_scale_0.3,1,5.179897285641426
42,0.02,0.3,zz_scale_0.3,1,4.925812790894932
42,0.02,0.3,zz_scale_0.3,1,4.7820456049171
42,0.02,0.3,zz_scale_0.3,1,5.423480870846645
42,0.02,0.3,zz_scale_0.3,1,5.2745919848038385
42,0.02,0.3,zz_scale_0.3,1,5.204661024928209
42,0.02,0.3,zz_scale_0.3,1,4.6219703503572
42,0.02,0.3,zz_scale_0.3,1,4.981195077680597
42,0.02,0.3,zz_scale_0.3,1,5.861549201922278
42,0.02,0.3,zz_scale_0.3,1,4.781468402388301
42,0.02,0.3,zz_scale_0.3,1,4.949437529319758
42,0.02,0.3,zz_scale_0.3,1,5.161811502045954
42,0.05,,clean,0,3.5769873384566755
42,0.05,,clean,0,3.9693512606455528
42,0.05,,clean,0,4.431432489661422
42,0.05,,clean,0,3.541127355890581
42,0.05,,clean,0,4.585728017986871
42,0.05,,clean,0,3.6601118544566438
42,0.05,,clean,0,3.646453472500234
42,0.05,,clean,0,3.7808953331489112
42,0.05,,clean,0,3.6243478602294483
42,0.05,,clean,0,3.8067380866284
42,0.05,,clean,0,4.427973649020747
42,0.05,,clean,0,4.152679818119872
42,0.05,,clean,0,3.7624119258899764
42,0.05,,clean,0,4.405317800092103
42,0.05,,clean,0,3.8821326267215768
42,0.05,0.05,zz_scale_0.05,1,3.3237850951524317
42,0.05,0.05,zz_scale_0.05,1,4.523384696560262
42,0.05,0.05,zz_scale_0.05,1,4.087401001779478
42,0.05,0.05,zz_scale_0.05,1,4.071608579866475
42,0.05,0.05,zz_scale_0.05,1,4.002371658731312
42,0.05,0.05,zz_scale_0.05,1,4.1096869471568915
42,0.05,0.05,zz_scale_0.05,1,3.554141584740223
42,0.05,0.05,zz_scale_0.05,1,4.125521560533197
42,0.05,0.05,zz_scale_0.05,1,3.6577553771959987
42,0.05,0.05,zz_scale_0.05,1,3.9070194743429325
42,0.05,0.05,zz_scale_0.05,1,4.123560813222419
42,0.05,0.05,zz_scale_0.05,1,3.8448220835405893
42,0.05,0.05,zz_scale_0.05,1,4.148969186636964
42,0.05,0.05,zz_scale_0.05,1,4.068287774533024
42,0.05,0.05,zz_scale_0.05,1,3.831696025109291
42,0.05,0.15,zz_scale_0.15,1,3.6991158896692795
42,0.05,0.15,zz_scale_0.15,1,4.680060105204101
42,0.05,0.15,zz_scale_0.15,1,4.990330169972147
42,0.05,0.15,zz_scale_0.15,1,4.318023396508701
42,0.05,0.15,zz_scale_0.15,1,4.335779437250199
42,0.05,0.15,zz_scale_0.15,1,4.286759641409974
42,0.05,0.15,zz_scale_0.15,1,4.092235314263498
42,0.05,0.15,zz_scale_0.15,1,4.315279925524595
42,0.05,0.15,zz_scale_0.15,1,3.8315740401419442
42,0.05,0.15,zz_scale_0.15,1,3.9480116142938053
42,0.05,0.15,zz_scale_0.15,1,4.5649413254484275
42,0.05,0.15,zz_scale_0.15,1,3.99116211145743
42,0.05,0.15,zz_scale_0.15,1,4.654310401796984
42,0.05,0.15,zz_scale_0.15,1,3.8967598554400484
42,0.05,0.15,zz_scale_0.15,1,4.026448046995198
42,0.05,0.3,zz_scale_0.3,1,5.255907735261375
42,0.05,0.3,zz_scale_0.3,1,5.019127668651174
42,0.05,0.3,zz_scale_0.3,1,5.109146959965975
42,0.05,0.3,zz_scale_0.3,1,4.563966005890677
42,0.05,0.3,zz_scale_0.3,1,5.322505651803126
42,0.05,0.3,zz_scale_0.3,1,4.754423238173575
42,0.05,0.3,zz_scale_0.3,1,4.725915384039331
42,0.05,0.3,zz_scale_0.3,1,4.878179258520671
42,0.05,0.3,zz_scale_0.3,1,5.038393219322713
42,0.05,0.3,zz_scale_0.3,1,5.2767587275126315
42,0.05,0.3,zz_scale_0.3,1,4.957890409676594
42,0.05,0.3,zz_scale_0.3,1,5.441774546633885
42,0.05,0.3,zz_scale_0.3,1,4.764266365772369
42,0.05,0.3,zz_scale_0.3,1,5.381855463524746
42,0.05,0.3,zz_scale_0.3,1,5.020605508761213
42,0.1,,clean,0,3.7824426564372007
42,0.1,,clean,0,3.856329782443999
42,0.1,,clean,0,4.159822039523553
42,0.1,,clean,0,4.275249358288048
42,0.1,,clean,0,4.215106714694273
42,0.1,,clean,0,4.063777796926953
42,0.1,,clean,0,4.365129358194626
42,0.1,,clean,0,4.2122294625921715
42,0.1,,clean,0,4.298897582862276
42,0.1,,clean,0,4.1774275138994
42,0.1,,clean,0,4.521269189651916
42,0.1,,clean,0,4.134572245625964
42,0.1,,clean,0,4.101021216589527
42,0.1,,clean,0,4.5999517611759595
42,0.1,,clean,0,4.5618410078737295
42,0.1,0.05,zz_scale_0.05,1,4.7242886150926235
42,0.1,0.05,zz_scale_0.05,1,3.4970298069748087
42,0.1,0.05,zz_scale_0.05,1,4.456562146193464
42,0.1,0.05,zz_scale_0.05,1,3.958581158109414
42,0.1,0.05,zz_scale_0.05,1,4.210685689529538
42,0.1,0.05,zz_scale_0.05,1,4.722459221835833
42,0.1,0.05,zz_scale_0.05,1,4.371628910814506
42,0.1,0.05,zz_scale_0.05,1,4.199465282927193
42,0.1,0.05,zz_scale_0.05,1,4.425046978694969
42,0.1,0.05,zz_scale_0.05,1,4.302446293480904
42,0.1,0.05,zz_scale_0.05,1,3.6779336474476887
42,0.1,0.05,zz_scale_0.05,1,3.81735511140034
42,0.1,0.05,zz_scale_0.05,1,4.233882874971418
42,0.1,0.05,zz_scale_0.05,1,3.8496123239344935
42,0.1,0.05,zz_scale_0.05,1,4.108931464877188
42,0.1,0.15,zz_scale_0.15,1,3.9272507430304455
42,0.1,0.15,zz_scale_0.15,1,4.210812064025738
42,0.1,0.15,zz_scale_0.15,1,4.538459547537653
42,0.1,0.15,zz_scale_0.15,1,4.902012460104127
42,0.1,0.15,zz_scale_0.15,1,3.897418596620941
42,0.1,0.15,zz_scale_0.15,1,4.004487964658922
42,0.1,0.15,zz_scale_0.15,1,4.9304083426915986
42,0.1,0.15,zz_scale_0.15,1,4.375350581324451
42,0.1,0.15,zz_scale_0.15,1,4.45965112623258
42,0.1,0.15,zz_scale_0.15,1,4.758088934932062
42,0.1,0.15,zz_scale_0.15,1,4.531882646848981
42,0.1,0.15,zz_scale_0.15,1,4.2578008002477095
42,0.1,0.15,zz_scale_0.15,1,4.465742514144864
42,0.1,0.15,zz_scale_0.15,1,4.6728294099426595
42,0.1,0.15,zz_scale_0.15,1,4.2498593158193305
42,0.1,0.3,zz_scale_0.3,1,4.7640597863273495
42,0.1,0.3,zz_scale_0.3,1,4.762174832871386
42,0.1,0.3,zz_scale_0.3,1,5.266591361446512
42,0.1,0.3,zz_scale_0.3,1,5.031456913150032
42,0.1,0.3,zz_scale_0.3,1,5.018403671433265
42,0.1,0.3,zz_scale_0.3,1,5.083524183757569
42,0.1,0.3,zz_scale_0.3,1,4.854695102456623
42,0.1,0.3,zz_scale_0.3,1,4.826470560971328
42,0.1,0.3,zz_scale_0.3,1,5.096171104901849
42,0.1,0.3,zz_scale_0.3,1,4.9581014228724305
42,0.1,0.3,zz_scale_0.3,1,4.719120378426891
42,0.1,0.3,zz_scale_0.3,1,5.016856103564922
42,0.1,0.3,zz_scale_0.3,1,4.959581110928317
42,0.1,0.3,zz_scale_0.3,1,4.958257080738599
42,0.1,0.3,zz_scale_0.3,1,5.2766732416247155
43,0.0,,clean,0,3.93157128899721
43,0.0,,clean,0,4.5468912954912
43,0.0,,clean,0,3.7462936288813315
43,0.0,,clean,0,4.187761416188709
43,0.0,,clean,0,3.7841181499818557
43,0.0,,clean,0,4.134033783597202
43,0.0,,clean,0,4.243837311120565
43,0.0,,clean,0,3.765005170077746
43,0.0,,clean,0,3.25622170525851
43,0.0,,clean,0,4.217567217935431
43,0.0,,clean,0,3.9167764102035707
43,0.0,,clean,0,3.9403661751650323
43,0.0,,clean,0,3.4767395232491585
43,0.0,,clean,0,3.542193374070816
43,0.0,,clean,0,3.6137646778613943
43,0.0,0.05,zz_scale_0.05,1,4.617907238076636
43,0.0,0.05,zz_scale_0.05,1,4.43748985630197
43,0.0,0.05,zz_scale_0.05,1,3.907051733174734
43,0.0,0.05,zz_scale_0.05,1,4.105028279179971
43,0.0,0.05,zz_scale_0.05,1,3.7625444266040917
43,0.0,0.05,zz_scale_0.05,1,3.8053103392244667
43,0.0,0.05,zz_scale_0.05,1,4.3494931856193855
43,0.0,0.05,zz_scale_0.05,1,3.8069769828642483
43,0.0,0.05,zz_scale_0.05,1,4.486346489996565
43,0.0,0.05,zz_scale_0.05,1,4.078575733552111
43,0.0,0.05,zz_scale_0.05,1,4.0294297917095365
43,0.0,0.05,zz_scale_0.05,1,4.568547842636473
43,0.0,0.05,zz_scale_0.05,1,3.532436475587527
43,0.0,0.05,zz_scale_0.05,1,3.6585500000484488
43,0.0,0.05,zz_scale_0.05,1,4.297360630130785
43,0.0,0.15,zz_scale_0.15,1,4.589547237641126
43,0.0,0.15,zz_scale_0.15,1,4.774707287671453
43,0.0,0.15,zz_scale_0.15,1,4.156109636131655
43,0.0,0.15,zz_scale_0.15,1,4.809953475237848
43,0.0,0.15,zz_scale_0.15,1,4.4788142205272985
43,0.0,0.15,zz_scale_0.15,1,3.7327429080408616
43,0.0,0.15,zz_scale_0.15,1,4.538185332314642
43,0.0,0.15,zz_scale_0.15,1,4.438271144396071
43,0.0,0.15,zz_scale_0.15,1,4.204479499157582
43,0.0,0.15,zz_scale_0.15,1,4.577357737852072
43,0.0,0.15,zz_scale_0.15,1,4.729639164620204
43,0.0,0.15,zz_scale_0.15,1,4.307706524750267
43,0.0,0.15,zz_scale_0.15,1,3.9703694710573405
43,0.0,0.15,zz_scale_0.15,1,4.20285769394417
43,0.0,0.15,zz_scale_0.15,1,4.282301673833243
43,0.0,0.3,zz_scale_0.3,1,5.523453732339676
43,0.0,0.3,zz_scale_0.3,1,4.4632494105956235
43,0.0,0.3,zz_scale_0.3,1,5.759294928382651
43,0.0,0.3,zz_scale_0.3,1,5.635399421631618
43,0.0,0.3,zz_scale_0.3,1,5.7582606220984625
43,0.0,0.3,zz_scale_0.3,1,5.041483737176084
43,0.0,0.3,zz_scale_0.3,1,4.643769234420939
43,0.0,0.3,zz_scale_0.3,1,4.689546512581633
43,0.0,0.3,zz_scale_0.3,1,5.233626071981483
43,0.0,0.3,zz_scale_0.3,1,5.50926903081916
43,0.0,0.3,zz_scale_0.3,1,5.555665846642529
43,0.0,0.3,zz_scale_0.3,1,4.764261989414558
43,0.0,0.3,zz_scale_0.3,1,5.539108926225204
43,0.0,0.3,zz_scale_0.3,1,5.414056492632529
43,0.0,0.3,zz_scale_0.3,1,5.792522490138532
43,0.01,,clean,0,3.786397592417852
43,0.01,,clean,0,3.449115919023275
43,0.01,,clean,0,3.8553049807535404
43,0.01,,clean,0,3.7923434195868735
43,0.01,,clean,0,3.610586526273096
43,0.01,,clean,0,4.1400108532783895
43,0.01,,clean,0,3.6823103481827952
43,0.01,,clean,0,4.03017546567146
43,0.01,,clean,0,4.422379901264838
43,0.01,,clean,0,4.231309129564307
43,0.01,,clean,0,3.8844444257116515
43,0.01,,clean,0,3.509582708925795
43,0.01,,clean,0,4.437577594320611
43,0.01,,clean,0,3.818502032040041
43,0.01,,clean,0,3.735781130841607
43,0.01,0.05,zz_scale_0.05,1,3.766870188189879
43,0.01,0.05,zz_scale_0.05,1,3.622584875216574
43,0.01,0.05,zz_scale_0.05,1,4.341074416584303
43,0.01,0.05,zz_scale_0.05,1,3.8365689304036144
43,0.01,0.05,zz_scale_0.05,1,3.7305214945547105
43,0.01,0.05,zz_scale_0.05,1,3.6133920820169787
43,0.01,0.05,zz_scale_0.05,1,3.7851303410385633
43,0.01,0.05,zz_scale_0.05,1,3.772284250193836
43,0.01,0.05,zz_scale_0.05,1,4.2900730015287944
43,0.01,0.05,zz_scale_0.05,1,4.652632988414557
43,0.01,0.05,zz_scale_0.05,1,3.5420164768058764
43,0.01,0.05,zz_scale_0.05,1,4.30065030993251
43,0.01,0.05,zz_scale_0.05,1,3.6638698196359556
43,0.01,0.05,zz_scale_0.05,1,4.714477728604981
43,0.01,0.05,zz_scale_0.05,1,3.969338574156491
43,0.01,0.15,zz_scale_0.15,1,4.085843868405909
43,0.01,0.15,zz_scale_0.15,1,4.270719892870614
43,0.01,0.15,zz_scale_0.15,1,3.850188457809853
43,0.01,0.15,zz_scale_0.15,1,4.899450343492626
43,0.01,0.15,zz_scale_0.15,1,4.20193904931326
43,0.01,0.15,zz_scale_0.15,1,4.0335512466084325
43,0.01,0.15,zz_scale_0.15,1,4.426336472520107
43,0.01,0.15,zz_scale_0.15,1,4.756871475947416
43,0.01,0.15,zz_scale_0.15,1,4.289839386440218
43,0.01,0.15,zz_scale_0.15,1,4.710694131786159
43,0.01,0.15,zz_scale_0.15,1,3.7964746086393273
43,0.01,0.15,zz_scale_0.15,1,4.926923732386908
43,0.01,0.15,zz_scale_0.15,1,4.199103546414709
43,0.01,0.15,zz_scale_0.15,1,3.5802614528946415
43,0.01,0.15,zz_scale_0.15,1,4.181317915758548
43,0.01,0.3,zz_scale_0.3,1,5.042392200986995
43,0.01,0.3,zz_scale_0.3,1,5.254304230523204
43,0.01,0.3,zz_scale_0.3,1,4.953233574896484
43,0.01,0.3,zz_scale_0.3,1,4.825715493615082
43,0.01,0.3,zz_scale_0.3,1,5.596326093637588
43,0.01,0.3,zz_scale_0.3,1,5.0460073202172975
43,0.01,0.3,zz_scale_0.3,1,5.32236037408743
43,0.01,0.3,zz_scale_0.3,1,5.469343519587851
43,0.01,0.3,zz_scale_0.3,1,5.13250863680246
43,0.01,0.3,zz_scale_0.3,1,5.335145882659415
43,0.01,0.3,zz_scale_0.3,1,5.917041175471536
43,0.01,0.3,zz_scale_0.3,1,4.6307275612347665
43,0.01,0.3,zz_scale_0.3,1,5.617594555933666
43,0.01,0.3,zz_scale_0.3,1,4.830137321094777
43,0.01,0.3,zz_scale_0.3,1,5.533620977960943
43,0.02,,clean,0,3.6736552966197573
43,0.02,,clean,0,4.0960884461414455
43,0.02,,clean,0,4.173775126614956
43,0.02,,clean,0,4.000513869644154
43,0.02,,clean,0,3.6887327061161463
43,0.02,,clean,0,3.7125365334980014
43,0.02,,clean,0,3.6626803861510737
43,0.02,,clean,0,4.725718841208811
43,0.02,,clean,0,3.762921550441277
43,0.02,,clean,0,3.888395599186277
43,0.02,,clean,0,4.301990133077359
43,0.02,,clean,0,3.576280930810236
43,0.02,,clean,0,3.284234608597301
43,0.02,,clean,0,3.08357148418344
43,0.02,,clean,0,3.7994298413119694
43,0.02,0.05,zz_scale_0.05,1,3.7741721511508013
43,0.02,0.05,zz_scale_0.05,1,3.803277912133618
43,0.02,0.05,zz_scale_0.05,1,3.619292705805713
43,0.02,0.05,zz_scale_0.05,1,3.7806873069460374
43,0.02,0.05,zz_scale_0.05,1,4.240297261994478
43,0.02,0.05,zz_scale_0.05,1,4.083740410835284
43,0.02,0.05,zz_scale_0.05,1,3.596537924473596
43,0.02,0.05,zz_scale_0.05,1,4.688449958589232
43,0.02,0.05,zz_scale_0.05,1,3.7892997376745243
43,0.02,0.05,zz_scale_0.05,1,3.904844992037467
43,0.02,0.05,zz_scale_0.05,1,4.080309146404486
43,0.02,0.05,zz_scale_0.05,1,3.8721055905328905
43,0.02,0.05,zz_scale_0.05,1,3.277224270062072
43,0.02,0.05,zz_scale_0.05,1,3.9257854314099294
43,0.02,0.05,zz_scale_0.05,1,3.8257869362333095
43,0.02,0.15,zz_scale_0.15,1,4.310301879661863
43,0.02,0.15,zz_scale_0.15,1,4.824711534622556
43,0.02,0.15,zz_scale_0.15,1,4.493480189562953
43,0.02,0.15,zz_scale_0.15,1,4.328138587043112
43,0.02,0.15,zz_scale_0.15,1,4.961849183007553
43,0.02,0.15,zz_scale_0.15,1,4.899840434331597
43,0.02,0.15,zz_scale_0.15,1,4.351740020484974
43,0.02,0.15,zz_scale_0.15,1,4.657379908880559
43,0.02,0.15,zz_scale_0.15,1,4.265736601829736
43,0.02,0.15,zz_scale_0.15,1,4.226324316505401
43,0.02,0.15,zz_scale_0.15,1,4.516347368258262
43,0.02,0.15,zz_scale_0.15,1,4.378650136009195
43,0.02,0.15,zz_scale_0.15,1,3.986989850845809
43,0.02,0.15,zz_scale_0.15,1,4.710332919998527
43,0.02,0.15,zz_scale_0.15,1,4.360785765394211
43,0.02,0.3,zz_scale_0.3,1,5.397454190727861
43,0.02,0.3,zz_scale_0.3,1,5.835238727629826
43,0.02,0.3,zz_scale_0.3,1,5.3447519566224955
43,0.02,0.3,zz_scale_0.3,1,5.736836921678567
43,0.02,0.3,zz_scale_0.3,1,5.3529499981057365
43,0.02,0.3,zz_scale_0.3,1,5.973934927559918
43,0.02,0.3,zz_scale_0.3,1,5.375799958286418
43,0.02,0.3,zz_scale_0.3,1,5.210731825728966
43,0.02,0.3,zz_scale_0.3,1,4.977896601922935
43,0.02,0.3,zz_scale_0.3,1,5.449418453367543
43,0.02,0.3,zz_scale_0.3,1,5.039655443729762
43,0.02,0.3,zz_scale_0.3,1,5.124827963782379
43,0.02,0.3,zz_scale_0.3,1,5.353857033486864
43,0.02,0.3,zz_scale_0.3,1,5.1846636586475485
43,0.02,0.3,zz_scale_0.3,1,5.424669396970443
43,0.05,,clean,0,4.362503690337917
43,0.05,,clean,0,3.9323148722045125
43,0.05,,clean,0,3.772735882100546
43,0.05,,clean,0,3.818328058830393
43,0.05,,clean,0,4.574905145923559
43,0.05,,clean,0,4.288720007353048
43,0.05,,clean,0,4.221512977363714
43,0.05,,clean,0,3.822060484366324
43,0.05,,clean,0,4.02232662780621
43,0.05,,clean,0,3.6382117576613213
43,0.05,,clean,0,4.454312392534269
43,0.05,,clean,0,4.530129435492477
43,0.05,,clean,0,3.1721695078002434
43,0.05,,clean,0,4.192676001216912
43,0.05,,clean,0,4.08817841167949
43,0.05,0.05,zz_scale_0.05,1,3.885522720672532
43,0.05,0.05,zz_scale_0.05,1,4.319426089156218
43,0.05,0.05,zz_scale_0.05,1,4.0068359124670465
43,0.05,0.05,zz_scale_0.05,1,4.256970844146142
43,0.05,0.05,zz_scale_0.05,1,3.6876236607917487
43,0.05,0.05,zz_scale_0.05,1,3.8915349206553844
43,0.05,0.05,zz_scale_0.05,1,3.638874333844566
43,0.05,0.05,zz_scale_0.05,1,4.451469009053969
43,0.05,0.05,zz_scale_0.05,1,4.248147776217251
43,0.05,0.05,zz_scale_0.05,1,3.849065695735026
43,0.05,0.05,zz_scale_0.05,1,4.39165233422169
43,0.05,0.05,zz_scale_0.05,1,4.22906666408029
43,0.05,0.05,zz_scale_0.05,1,4.075328130053713
43,0.05,0.05,zz_scale_0.05,1,3.7769684788666558
43,0.05,0.05,zz_scale_0.05,1,3.8277467081463543
43,0.05,0.15,zz_scale_0.15,1,5.663586358282075
43,0.05,0.15,zz_scale_0.15,1,5.154646679728717
43,0.05,0.15,zz_scale_0.15,1,4.812625062640473
43,0.05,0.15,zz_scale_0.15,1,4.184597095088489
43,0.05,0.15,zz_scale_0.15,1,4.782253842062045
43,0.05,0.15,zz_scale_0.15,1,4.170860012799439
43,0.05,0.15,zz_scale_0.15,1,4.765051800213672
43,0.05,0.15,zz_scale_0.15,1,4.627537161804707
43,0.05,0.15,zz_scale_0.15,1,4.640742100490089
43,0.05,0.15,zz_scale_0.15,1,4.266987278485736
43,0.05,0.15,zz_scale_0.15,1,4.573282952458236
43,0.05,0.15,zz_scale_0.15,1,4.246341195478994
43,0.05,0.15,zz_scale_0.15,1,4.489390605341563
43,0.05,0.15,zz_scale_0.15,1,4.482408309097297
43,0.05,0.15,zz_scale_0.15,1,3.9906800673311866
43,0.05,0.3,zz_scale_0.3,1,4.743945565018199
43,0.05,0.3,zz_scale_0.3,1,5.36398482226604
43,0.05,0.3,zz_scale_0.3,1,5.065135409587926
43,0.05,0.3,zz_scale_0.3,1,5.200160663620642
43,0.05,0.3,zz_scale_0.3,1,4.634084313832299
43,0.05,0.3,zz_scale_0.3,1,5.3684198644305186
43,0.05,0.3,zz_scale_0.3,1,5.279694342022315
43,0.05,0.3,zz_scale_0.3,1,5.1311539258447825
43,0.05,0.3,zz_scale_0.3,1,4.987275773999712
43,0.05,0.3,zz_scale_0.3,1,5.340726093066637
43,0.05,0.3,zz_scale_0.3,1,5.221458931835253
43,0.05,0.3,zz_scale_0.3,1,5.132616621541435
43,0.05,0.3,zz_scale_0.3,1,5.165808715611155
43,0.05,0.3,zz_scale_0.3,1,5.898314053957822
43,0.05,0.3,zz_scale_0.3,1,4.9530348615138715
43,0.1,,clean,0,3.8973844807553477
43,0.1,,clean,0,4.029041429497798
43,0.1,,clean,0,4.315170613366084
43,0.1,,clean,0,3.3518402298467187
43,0.1,,clean,0,4.052773863431628
43,0.1,,clean,0,4.02170550517908
43,0.1,,clean,0,4.635082470151681
43,0.1,,clean,0,3.9008110561263423
43,0.1,,clean,0,3.918757116899255
43,0.1,,clean,0,3.9147952870689835
43,0.1,,clean,0,4.036503126797419
43,0.1,,clean,0,4.041586144884833
43,0.1,,clean,0,3.8542168918100383
43,0.1,,clean,0,3.633042291860543
43,0.1,,clean,0,3.5906963517442003
43,0.1,0.05,zz_scale_0.05,1,3.969829865562561
43,0.1,0.05,zz_scale_0.05,1,4.185201231857938
43,0.1,0.05,zz_scale_0.05,1,4.671318228512734
43,0.1,0.05,zz_scale_0.05,1,3.795135041347061
43,0.1,0.05,zz_scale_0.05,1,3.8720996155546294
43,0.1,0.05,zz_scale_0.05,1,4.336488300285489
43,0.1,0.05,zz_scale_0.05,1,3.768766667912744
43,0.1,0.05,zz_scale_0.05,1,4.337761371137574
43,0.1,0.05,zz_scale_0.05,1,4.672528378343219
43,0.1,0.05,zz_scale_0.05,1,4.401043767017346
43,0.1,0.05,zz_scale_0.05,1,3.634119471304158
43,0.1,0.05,zz_scale_0.05,1,3.9173409818172757
43,0.1,0.05,zz_scale_0.05,1,3.7910660042641924
43,0.1,0.05,zz_scale_0.05,1,4.475192606475497
43,0.1,0.05,zz_scale_0.05,1,4.329744272439958
43,0.1,0.15,zz_scale_0.15,1,4.638379863083337
43,0.1,0.15,zz_scale_0.15,1,4.467193603650078
43,0.1,0.15,zz_scale_0.15,1,4.572591632560719
43,0.1,0.15,zz_scale_0.15,1,3.7197663844038025
43,0.1,0.15,zz_scale_0.15,1,4.5773372311232805
43,0.1,0.15,zz_scale_0.15,1,4.189067963746046
43,0.1,0.15,zz_scale_0.15,1,4.001786745669856
43,0.1,0.15,zz_scale_0.15,1,4.145574169646259
43,0.1,0.15,zz_scale_0.15,1,4.4789917698585695
43,0.1,0.15,zz_scale_0.15,1,3.9258353796046475
43,0.1,0.15,zz_scale_0.15,1,4.9867549060821705
43,0.1,0.15,zz_scale_0.15,1,4.340827693222893
43,0.1,0.15,zz_scale_0.15,1,4.769949299746725
43,0.1,0.15,zz_scale_0.15,1,4.719777893641473
43,0.1,0.15,zz_scale_0.15,1,4.407454621461197
43,0.1,0.3,zz_scale_0.3,1,5.723327683594446
43,0.1,0.3,zz_scale_0.3,1,4.76139553766156
43,0.1,0.3,zz_scale_0.3,1,4.868609256428161
43,0.1,0.3,zz_scale_0.3,1,5.249881529000567
43,0.1,0.3,zz_scale_0.3,1,4.95959927148133
43,0.1,0.3,zz_scale_0.3,1,5.326865797974155
43,0.1,0.3,zz_scale_0.3,1,5.167326939811643
43,0.1,0.3,zz_scale_0.3,1,4.780723011904517
43,0.1,0.3,zz_scale_0.3,1,5.155100916812564
43,0.1,0.3,zz_scale_0.3,1,5.103759320288831
43,0.1,0.3,zz_scale_0.3,1,4.2361566538618005
43,0.1,0.3,zz_scale_0.3,1,4.9069644758517
43,0.1,0.3,zz_scale_0.3,1,4.980127167274921
43,0.1,0.3,zz_scale_0.3,1,4.471561422960861
43,0.1,0.3,zz_scale_0.3,1,5.12375189068229
44,0.0,,clean,0,4.1309816821659195
44,0.0,,clean,0,3.982894762972739
44,0.0,,clean,0,4.396831307938036
44,0.0,,clean,0,3.9440499102856563
44,0.0,,clean,0,4.065034254350101
44,0.0,,clean,0,3.566035762588677
44,0.0,,clean,0,4.1183185860219895
44,0.0,,clean,0,3.842164043544291
44,0.0,,clean,0,3.8674440945842914
44,0.0,,clean,0,4.150483255240016
44,0.0,,clean,0,4.240634077846556
44,0.0,,clean,0,3.7327095486219948
44,0.0,,clean,0,3.717183192745936
44,0.0,,clean,0,3.661098946167164
44,0.0,,clean,0,3.6191882836840428
44,0.0,0.05,zz_scale_0.05,1,4.706711379354501
44,0.0,0.05,zz_scale_0.05,1,4.166673068288131
44,0.0,0.05,zz_scale_0.05,1,3.822608215827512
44,0.0,0.05,zz_scale_0.05,1,4.177223745444601
44,0.0,0.05,zz_scale_0.05,1,4.2837785853509205
44,0.0,0.05,zz_scale_0.05,1,4.6262012095776255
44,0.0,0.05,zz_scale_0.05,1,3.786354963032758
44,0.0,0.05,zz_scale_0.05,1,4.064416515261694
44,0.0,0.05,zz_scale_0.05,1,3.8789117931896717
44,0.0,0.05,zz_scale_0.05,1,3.5235740397304025
44,0.0,0.05,zz_scale_0.05,1,3.4262034213748978
44,0.0,0.05,zz_scale_0.05,1,3.796984119031704
44,0.0,0.05,zz_scale_0.05,1,3.9754050830830456
44,0.0,0.05,zz_scale_0.05,1,3.8069657008198283
44,0.0,0.05,zz_scale_0.05,1,3.9597522254088204
44,0.0,0.15,zz_scale_0.15,1,4.348140699643645
44,0.0,0.15,zz_scale_0.15,1,4.46333796490873
44,0.0,0.15,zz_scale_0.15,1,4.411796340258342
44,0.0,0.15,zz_scale_0.15,1,4.707517074721961
44,0.0,0.15,zz_scale_0.15,1,4.597034277313242
44,0.0,0.15,zz_scale_0.15,1,4.729436195854504
44,0.0,0.15,zz_scale_0.15,1,5.011238101750122
44,0.0,0.15,zz_scale_0.15,1,4.94112914585047
44,0.0,0.15,zz_scale_0.15,1,3.968987055364185
44,0.0,0.15,zz_scale_0.15,1,3.8290337901637805
44,0.0,0.15,zz_scale_0.15,1,4.373201493460992
44,0.0,0.15,zz_scale_0.15,1,4.661335238170444
44,0.0,0.15,zz_scale_0.15,1,4.05919616758949
44,0.0,0.15,zz_scale_0.15,1,4.26833116789245
44,0.0,0.15,zz_scale_0.15,1,4.0158367515635645
44,0.0,0.3,zz_scale_0.3,1,5.442391896259014
44,0.0,0.3,zz_scale_0.3,1,5.134615369990939
44,0.0,0.3,zz_scale_0.3,1,4.890042322080502
44,0.0,0.3,zz_scale_0.3,1,5.122685529332294
44,0.0,0.3,zz_scale_0.3,1,5.590916638883506
44,0.0,0.3,zz_scale_0.3,1,4.218032957764343
44,0.0,0.3,zz_scale_0.3,1,4.78170611846673
44,0.0,0.3,zz_scale_0.3,1,4.9588383922640915
44,0.0,0.3,zz_scale_0.3,1,4.845626515392099
44,0.0,0.3,zz_scale_0.3,1,4.790019543229443
44,0.0,0.3,zz_scale_0.3,1,5.271633394409966
44,0.0,0.3,zz_scale_0.3,1,4.57621505819807
44,0.0,0.3,zz_scale_0.3,1,5.181740161604134
44,0.0,0.3,zz_scale_0.3,1,5.042017640321943
44,0.0,0.3,zz_scale_0.3,1,5.368879901729761
44,0.01,,clean,0,3.153719986515224
44,0.01,,clean,0,3.836782497427107
44,0.01,,clean,0,3.6866202384762463
44,0.01,,clean,0,3.979102383920267
44,0.01,,clean,0,3.7981783780597165
44,0.01,,clean,0,4.105262272535411
44,0.01,,clean,0,4.222281164639371
44,0.01,,clean,0,3.6410512637077552
44,0.01,,clean,0,4.130376805315544
44,0.01,,clean,0,4.249454147222199
44,0.01,,clean,0,3.8603572684482663
44,0.01,,clean,0,3.872959407344623
44,0.01,,clean,0,4.137692710785171
44,0.01,,clean,0,4.682971797546208
44,0.01,,clean,0,3.756958327323233
44,0.01,0.05,zz_scale_0.05,1,3.93786400923431
44,0.01,0.05,zz_scale_0.05,1,3.5630125391617824
44,0.01,0.05,zz_scale_0.05,1,4.786295811059137
44,0.01,0.05,zz_scale_0.05,1,4.655405919549179
44,0.01,0.05,zz_scale_0.05,1,3.2600480170823767
44,0.01,0.05,zz_scale_0.05,1,3.877704906462015
44,0.01,0.05,zz_scale_0.05,1,4.741243038510747
44,0.01,0.05,zz_scale_0.05,1,3.6950613789988767
44,0.01,0.05,zz_scale_0.05,1,3.8896691584587204
44,0.01,0.05,zz_scale_0.05,1,3.752606149515863
44,0.01,0.05,zz_scale_0.05,1,3.453632565328784
44,0.01,0.05,zz_scale_0.05,1,4.32445464343117
44,0.01,0.05,zz_scale_0.05,1,4.459968457869241
44,0.01,0.05,zz_scale_0.05,1,4.260459413274344
44,0.01,0.05,zz_scale_0.05,1,4.397493591526142
44,0.01,0.15,zz_scale_0.15,1,4.5436543098134505
44,0.01,0.15,zz_scale_0.15,1,4.055910734189067
44,0.01,0.15,zz_scale_0.15,1,4.581828177025809
44,0.01,0.15,zz_scale_0.15,1,3.8326974292511258
44,0.01,0.15,zz_scale_0.15,1,4.410924236794002
44,0.01,0.15,zz_scale_0.15,1,4.605769455428036
44,0.01,0.15,zz_scale_0.15,1,4.527476586058873
44,0.01,0.15,zz_scale_0.15,1,3.946467022567274
44,0.01,0.15,zz_scale_0.15,1,3.7327110587485577
44,0.01,0.15,zz_scale_0.15,1,4.222587100749408
44,0.01,0.15,zz_scale_0.15,1,4.474968650225539
44,0.01,0.15,zz_scale_0.15,1,4.338192398683801
44,0.01,0.15,zz_scale_0.15,1,4.490492837560546
44,0.01,0.15,zz_scale_0.15,1,4.465054012567737
44,0.01,0.15,zz_scale_0.15,1,4.207097494712326
44,0.01,0.3,zz_scale_0.3,1,4.555548972745341
44,0.01,0.3,zz_scale_0.3,1,5.734545343564663
44,0.01,0.3,zz_scale_0.3,1,4.776611585232724
44,0.01,0.3,zz_scale_0.3,1,4.812254998532489
44,0.01,0.3,zz_scale_0.3,1,4.80014260002497
44,0.01,0.3,zz_scale_0.3,1,4.816727578682927
44,0.01,0.3,zz_scale_0.3,1,4.675217504875414
44,0.01,0.3,zz_scale_0.3,1,5.273235592697761
44,0.01,0.3,zz_scale_0.3,1,5.471073661931701
44,0.01,0.3,zz_scale_0.3,1,5.602103981949317
44,0.01,0.3,zz_scale_0.3,1,5.077890172345635
44,0.01,0.3,zz_scale_0.3,1,5.352433719887846
44,0.01,0.3,zz_scale_0.3,1,4.710318695452274
44,0.01,0.3,zz_scale_0.3,1,4.596938091854583
44,0.01,0.3,zz_scale_0.3,1,5.075557136757294
44,0.02,,clean,0,4.008068263813002
44,0.02,,clean,0,3.988511228064652
44,0.02,,clean,0,3.5390387931139977
44,0.02,,clean,0,3.7680984950007494
44,0.02,,clean,0,3.9090776237512608
44,0.02,,clean,0,3.5881404385654334
44,0.02,,clean,0,4.609320415814804
44,0.02,,clean,0,3.7429330471661957
44,0.02,,clean,0,4.121463971003394
44,0.02,,clean,0,4.621138610852539
44,0.02,,clean,0,3.7606177404298675
44,0.02,,clean,0,4.398588345546458
44,0.02,,clean,0,3.8038354714609772
44,0.02,,clean,0,3.8987780706011015
44,0.02,,clean,0,3.9346638689707936
44,0.02,0.05,zz_scale_0.05,1,3.6355117758385473
44,0.02,0.05,zz_scale_0.05,1,3.726916605746561
44,0.02,0.05,zz_scale_0.05,1,3.65693770134899
44,0.02,0.05,zz_scale_0.05,1,4.171169550335947
44,0.02,0.05,zz_scale_0.05,1,3.7289211985989694
44,0.02,0.05,zz_scale_0.05,1,3.6311441542964786
44,0.02,0.05,zz_scale_0.05,1,4.014320116642771
44,0.02,0.05,zz_scale_0.05,1,3.930115131786721
44,0.02,0.05,zz_scale_0.05,1,4.073753065769489
44,0.02,0.05,zz_scale_0.05,1,4.43336212884893
44,0.02,0.05,zz_scale_0.05,1,4.697949358571558
44,0.02,0.05,zz_scale_0.05,1,4.007736038190589
44,0.02,0.05,zz_scale_0.05,1,4.289484962695612
44,0.02,0.05,zz_scale_0.05,1,3.755078342818245
44,0.02,0.05,zz_scale_0.05,1,3.7881945363311664
44,0.02,0.15,zz_scale_0.15,1,4.425777137272068
44,0.02,0.15,zz_scale_0.15,1,3.8748303066513903
44,0.02,0.15,zz_scale_0.15,1,4.0354199025202115
44,0.02,0.15,zz_scale_0.15,1,4.51739288632191
44,0.02,0.15,zz_scale_0.15,1,4.436140452935479
44,0.02,0.15,zz_scale_0.15,1,4.677565759502408
44,0.02,0.15,zz_scale_0.15,1,3.8909650680210977
44,0.02,0.15,zz_scale_0.15,1,4.1158619111054815
44,0.02,0.15,zz_scale_0.15,1,4.284851921784632
44,0.02,0.15,zz_scale_0.15,1,4.769935497057768
44,0.02,0.15,zz_scale_0.15,1,4.330077242564197
44,0.02,0.15,zz_scale_0.15,1,4.250302041004963
44,0.02,0.15,zz_scale_0.15,1,4.204762588974415
44,0.02,0.15,zz_scale_0.15,1,4.528293831058028
44,0.02,0.15,zz_scale_0.15,1,4.378948439970197
44,0.02,0.3,zz_scale_0.3,1,4.961394437233886
44,0.02,0.3,zz_scale_0.3,1,4.764186155336982
44,0.02,0.3,zz_scale_0.3,1,4.710518584012961
44,0.02,0.3,zz_scale_0.3,1,4.754698337504607
44,0.02,0.3,zz_scale_0.3,1,5.4754708982621585
44,0.02,0.3,zz_scale_0.3,1,4.791163329448526
44,0.02,0.3,zz_scale_0.3,1,4.916551477552644
44,0.02,0.3,zz_scale_0.3,1,4.585024584569918
44,0.02,0.3,zz_scale_0.3,1,4.627523429040196
44,0.02,0.3,zz_scale_0.3,1,4.474855246706551
44,0.02,0.3,zz_scale_0.3,1,5.267138750588288
44,0.02,0.3,zz_scale_0.3,1,5.552593831932084
44,0.02,0.3,zz_scale_0.3,1,5.310090660694549
44,0.02,0.3,zz_scale_0.3,1,5.015647957242295
44,0.02,0.3,zz_scale_0.3,1,4.873579907883819
44,0.05,,clean,0,4.185643474504349
44,0.05,,clean,0,4.54357506781367
44,0.05,,clean,0,4.186019965827876
44,0.05,,clean,0,3.285967898596802
44,0.05,,clean,0,3.7595087716192093
44,0.05,,clean,0,4.097992536349769
44,0.05,,clean,0,4.22237156443578
44,0.05,,clean,0,3.9374787904088913
44,0.05,,clean,0,4.267664990978802
44,0.05,,clean,0,3.7221004008239276
44,0.05,,clean,0,3.6743439181651882
44,0.05,,clean,0,4.27084178077877
44,0.05,,clean,0,4.379512550425527
44,0.05,,clean,0,3.4432616501719515
44,0.05,,clean,0,3.997586954944582
44,0.05,0.05,zz_scale_0.05,1,3.3186478326882924
44,0.05,0.05,zz_scale_0.05,1,3.635666263492516
44,0.05,0.05,zz_scale_0.05,1,3.6875803363642388
44,0.05,0.05,zz_scale_0.05,1,4.136647930363914
44,0.05,0.05,zz_scale_0.05,1,4.078822129144249
44,0.05,0.05,zz_scale_0.05,1,4.151813830731388
44,0.05,0.05,zz_scale_0.05,1,4.10803141311935
44,0.05,0.05,zz_scale_0.05,1,4.1114274903275145
44,0.05,0.05,zz_scale_0.05,1,4.2541709222396
44,0.05,0.05,zz_scale_0.05,1,4.20420046434829
44,0.05,0.05,zz_scale_0.05,1,4.343304428449625
44,0.05,0.05,zz_scale_0.05,1,4.084047417407844
44,0.05,0.05,zz_scale_0.05,1,4.015965472331692
44,0.05,0.05,zz_scale_0.05,1,3.93208950866663
44,0.05,0.05,zz_scale_0.05,1,4.312897217146093
44,0.05,0.15,zz_scale_0.15,1,4.814264137052902
44,0.05,0.15,zz_scale_0.15,1,4.004467250191213
44,0.05,0.15,zz_scale_0.15,1,4.739981465164145
44,0.05,0.15,zz_scale_0.15,1,4.309819793814522
44,0.05,0.15,zz_scale_0.15,1,4.816801479383917
44,0.05,0.15,zz_scale_0.15,1,4.068980146724904
44,0.05,0.15,zz_scale_0.15,1,3.813169118379683
44,0.05,0.15,zz_scale_0.15,1,4.073807302332856
44,0.05,0.15,zz_scale_0.15,1,4.384965696121837
44,0.05,0.15,zz_scale_0.15,1,4.806107191127758
44,0.05,0.15,zz_scale_0.15,1,4.84371570916449
44,0.05,0.15,zz_scale_0.15,1,4.168593940714345
44,0.05,0.15,zz_scale_0.15,1,5.079158736468247
44,0.05,0.15,zz_scale_0.15,1,4.303620259652852
44,0.05,0.15,zz_scale_0.15,1,4.230438204284218
44,0.05,0.3,zz_scale_0.3,1,4.809525379432161
44,0.05,0.3,zz_scale_0.3,1,5.055287140040614
44,0.05,0.3,zz_scale_0.3,1,4.726341188511886
44,0.05,0.3,zz_scale_0.3,1,4.911897835273055
44,0.05,0.3,zz_scale_0.3,1,5.093843025791131
44,0.05,0.3,zz_scale_0.3,1,4.409323080065354
44,0.05,0.3,zz_scale_0.3,1,4.891742474257911
44,0.05,0.3,zz_scale_0.3,1,4.6413282736765655
44,0.05,0.3,zz_scale_0.3,1,4.7401959011454355
44,0.05,0.3,zz_scale_0.3,1,5.174509904616827
44,0.05,0.3,zz_scale_0.3,1,4.668930807620891
44,0.05,0.3,zz_scale_0.3,1,4.567625736990325
44,0.05,0.3,zz_scale_0.3,1,4.377910121141973
44,0.05,0.3,zz_scale_0.3,1,4.7244948871398735
44,0.05,0.3,zz_scale_0.3,1,4.745487399952766
44,0.1,,clean,0,4.501685243718808
44,0.1,,clean,0,3.339663709474763
44,0.1,,clean,0,4.220865365185401
44,0.1,,clean,0,3.0361578042239223
44,0.1,,clean,0,3.9942315207056724
44,0.1,,clean,0,4.018513172204842
44,0.1,,clean,0,3.5195308349476866
44,0.1,,clean,0,4.094628114592476
44,0.1,,clean,0,3.4231024653755657
44,0.1,,clean,0,4.209166064214409
44,0.1,,clean,0,4.581842895035911
44,0.1,,clean,0,3.700317037482828
44,0.1,,clean,0,3.695722776881967
44,0.1,,clean,0,4.062104361651954
44,0.1,,clean,0,3.6753533489913215
44,0.1,0.05,zz_scale_0.05,1,4.089636836953166
44,0.1,0.05,zz_scale_0.05,1,4.324529351713137
44,0.1,0.05,zz_scale_0.05,1,4.36227372166599
44,0.1,0.05,zz_scale_0.05,1,3.83737618808178
44,0.1,0.05,zz_scale_0.05,1,4.043211823409698
44,0.1,0.05,zz_scale_0.05,1,4.175226339623006
44,0.1,0.05,zz_scale_0.05,1,3.7913168999928355
44,0.1,0.05,zz_scale_0.05,1,4.1256865664802955
44,0.1,0.05,zz_scale_0.05,1,3.9201280513263317
44,0.1,0.05,zz_scale_0.05,1,4.150269491902807
44,0.1,0.05,zz_scale_0.05,1,4.134348393164427
44,0.1,0.05,zz_scale_0.05,1,4.184162907290877
44,0.1,0.05,zz_scale_0.05,1,3.8433142441368378
44,0.1,0.05,zz_scale_0.05,1,3.9503472189969497
44,0.1,0.05,zz_scale_0.05,1,4.425289401703819
44,0.1,0.15,zz_scale_0.15,1,4.418488113694682
44,0.1,0.15,zz_scale_0.15,1,4.549449852844324
44,0.1,0.15,zz_scale_0.15,1,4.2796860871241735
44,0.1,0.15,zz_scale_0.15,1,4.37528510619574
44,0.1,0.15,zz_scale_0.15,1,5.2905266815729535
44,0.1,0.15,zz_scale_0.15,1,4.567399899960426
44,0.1,0.15,zz_scale_0.15,1,4.21426278877163
44,0.1,0.15,zz_scale_0.15,1,4.559071848044232
44,0.1,0.15,zz_scale_0.15,1,4.819311055482773
44,0.1,0.15,zz_scale_0.15,1,4.285890044095357
44,0.1,0.15,zz_scale_0.15,1,4.1469738598531745
44,0.1,0.15,zz_scale_0.15,1,3.9025388640157144
44,0.1,0.15,zz_scale_0.15,1,4.0317600588443065
44,0.1,0.15,zz_scale_0.15,1,4.469050107139869
44,0.1,0.15,zz_scale_0.15,1,4.548387504904321
44,0.1,0.3,zz_scale_0.3,1,4.567790274633163
44,0.1,0.3,zz_scale_0.3,1,4.511302114187512
44,0.1,0.3,zz_scale_0.3,1,4.577196857415262
44,0.1,0.3,zz_scale_0.3,1,4.799734890367281
44,0.1,0.3,zz_scale_0.3,1,5.0434896083712815
44,0.1,0.3,zz_scale_0.3,1,4.246156439087195
44,0.1,0.3,zz_scale_0.3,1,5.067633438168904
44,0.1,0.3,zz_scale_0.3,1,4.878062771299429
44,0.1,0.3,zz_scale_0.3,1,4.425911438575241
44,0.1,0.3,zz_scale_0.3,1,4.700986973070776
44,0.1,0.3,zz_scale_0.3,1,5.442554094384336
44,0.1,0.3,zz_scale_0.3,1,4.753398191345744
44,0.1,0.3,zz_scale_0.3,1,5.152499721964128
44,0.1,0.3,zz_scale_0.3,1,4.643517211580277
44,0.1,0.3,zz_scale_0.3,1,4.708167905276613
45,0.0,,clean,0,3.3688069548149038
45,0.0,,clean,0,3.50450156840011
45,0.0,,clean,0,3.7944005426994574
45,0.0,,clean,0,3.848611243267028
45,0.0,,clean,0,4.231697109004755
45,0.0,,clean,0,3.377306761639174
45,0.0,,clean,0,3.6884211913581315
45,0.0,,clean,0,4.04116696756429
45,0.0,,clean,0,3.511356040816393
45,0.0,,clean,0,3.69144143220596
45,0.0,,clean,0,3.7463798655170604
45,0.0,,clean,0,3.899795902476785
45,0.0,,clean,0,4.271862543491858
45,0.0,,clean,0,4.40922767634623
45,0.0,,clean,0,3.956808689648361
45,0.0,0.05,zz_scale_0.05,1,3.668925062949324
45,0.0,0.05,zz_scale_0.05,1,4.056009154752127
45,0.0,0.05,zz_scale_0.05,1,4.210536770017926
45,0.0,0.05,zz_scale_0.05,1,3.5538075034807037
45,0.0,0.05,zz_scale_0.05,1,3.8284376960588262
45,0.0,0.05,zz_scale_0.05,1,3.9675339469909927
45,0.0,0.05,zz_scale_0.05,1,3.963875265348283
45,0.0,0.05,zz_scale_0.05,1,4.07059138438749
45,0.0,0.05,zz_scale_0.05,1,3.569864606540188
45,0.0,0.05,zz_scale_0.05,1,3.532291330499035
45,0.0,0.05,zz_scale_0.05,1,4.33592792665784
45,0.0,0.05,zz_scale_0.05,1,3.8602154762940457
45,0.0,0.05,zz_scale_0.05,1,4.375024861653012
45,0.0,0.05,zz_scale_0.05,1,4.0454223059573735
45,0.0,0.05,zz_scale_0.05,1,4.321183314076566
45,0.0,0.15,zz_scale_0.15,1,4.17330979578851
45,0.0,0.15,zz_scale_0.15,1,4.964212832693978
45,0.0,0.15,zz_scale_0.15,1,4.811379758807908
45,0.0,0.15,zz_scale_0.15,1,5.007305922767152
45,0.0,0.15,zz_scale_0.15,1,4.379820968996872
45,0.0,0.15,zz_scale_0.15,1,4.25825472266309
45,0.0,0.15,zz_scale_0.15,1,5.318658309930697
45,0.0,0.15,zz_scale_0.15,1,4.250765017659553
45,0.0,0.15,zz_scale_0.15,1,4.244768984588681
45,0.0,0.15,zz_scale_0.15,1,4.127088215996517
45,0.0,0.15,zz_scale_0.15,1,4.3488997681844905
45,0.0,0.15,zz_scale_0.15,1,3.88274465670783
45,0.0,0.15,zz_scale_0.15,1,4.316504954445666
45,0.0,0.15,zz_scale_0.15,1,4.13961006470273
45,0.0,0.15,zz_scale_0.15,1,4.322249314548477
45,0.0,0.3,zz_scale_0.3,1,5.629127290345622
45,0.0,0.3,zz_scale_0.3,1,5.476708212062448
45,0.0,0.3,zz_scale_0.3,1,5.090197336219079
45,0.0,0.3,zz_scale_0.3,1,4.887343500141564
45,0.0,0.3,zz_scale_0.3,1,5.777813095047953
45,0.0,0.3,zz_scale_0.3,1,5.123115869973365
45,0.0,0.3,zz_scale_0.3,1,5.700398431015032
45,0.0,0.3,zz_scale_0.3,1,5.683586156454309
45,0.0,0.3,zz_scale_0.3,1,5.5001736884218335
45,0.0,0.3,zz_scale_0.3,1,4.674114713993989
45,0.0,0.3,zz_scale_0.3,1,5.500777308032749
45,0.0,0.3,zz_scale_0.3,1,5.039872934839795
45,0.0,0.3,zz_scale_0.3,1,5.195603693925011
45,0.0,0.3,zz_scale_0.3,1,5.53433777132637
45,0.0,0.3,zz_scale_0.3,1,5.053000089839412
45,0.01,,clean,0,4.171311511310997
45,0.01,,clean,0,3.4312398634876047
45,0.01,,clean,0,3.214103785806565
45,0.01,,clean,0,3.7618249547439846
45,0.01,,clean,0,3.623575100017388
45,0.01,,clean,0,3.7925051300305936
45,0.01,,clean,0,3.6187059787406954
45,0.01,,clean,0,3.445771073539322
45,0.01,,clean,0,3.568754054878927
45,0.01,,clean,0,3.845753151718321
45,0.01,,clean,0,3.6077931822673484
45,0.01,,clean,0,3.7698803186409937
45,0.01,,clean,0,4.044128706424913
45,0.01,,clean,0,3.78422278095812
45,0.01,,clean,0,3.9312044591683617
45,0.01,0.05,zz_scale_0.05,1,3.4855634356685683
45,0.01,0.05,zz_scale_0.05,1,3.59981386704792
45,0.01,0.05,zz_scale_0.05,1,3.7920417994098297
45,0.01,0.05,zz_scale_0.05,1,4.114115313742624
45,0.01,0.05,zz_scale_0.05,1,4.025633801591793
45,0.01,0.05,zz_scale_0.05,1,4.316093439692986
45,0.01,0.05,zz_scale_0.05,1,3.987970332704451
45,0.01,0.05,zz_scale_0.05,1,4.05135419018377
45,0.01,0.05,zz_scale_0.05,1,4.073516065777088
45,0.01,0.05,zz_scale_0.05,1,4.176359197434505
45,0.01,0.05,zz_scale_0.05,1,3.0715497099904185
45,0.01,0.05,zz_scale_0.05,1,4.216920710300587
45,0.01,0.05,zz_scale_0.05,1,3.6361693057720155
45,0.01,0.05,zz_scale_0.05,1,3.844284621559729
45,0.01,0.05,zz_scale_0.05,1,4.161832225226496
45,0.01,0.15,zz_scale_0.15,1,4.562592013297374
45,0.01,0.15,zz_scale_0.15,1,4.368278977929497
45,0.01,0.15,zz_scale_0.15,1,3.99294558157276
45,0.01,0.15,zz_scale_0.15,1,4.774578171495709
45,0.01,0.15,zz_scale_0.15,1,4.704587157830091
45,0.01,0.15,zz_scale_0.15,1,4.1612086290398835
45,0.01,0.15,zz_scale_0.15,1,4.181464166930955
45,0.01,0.15,zz_scale_0.15,1,4.751005404615341
45,0.01,0.15,zz_scale_0.15,1,5.021129244415438
45,0.01,0.15,zz_scale_0.15,1,4.819856118136467
45,0.01,0.15,zz_scale_0.15,1,4.49390643987953
45,0.01,0.15,zz_scale_0.15,1,4.041031599473157
45,0.01,0.15,zz_scale_0.15,1,4.401990323626527
45,0.01,0.15,zz_scale_0.15,1,4.560787873038959
45,0.01,0.15,zz_scale_0.15,1,3.935256875581738
45,0.01,0.3,zz_scale_0.3,1,5.693597012222185
45,0.01,0.3,zz_scale_0.3,1,4.616145650268125
45,0.01,0.3,zz_scale_0.3,1,5.286418073164933
45,0.01,0.3,zz_scale_0.3,1,5.697551443445755
45,0.01,0.3,zz_scale_0.3,1,4.634086673739133
45,0.01,0.3,zz_scale_0.3,1,5.485980349918421
45,0.01,0.3,zz_scale_0.3,1,4.970827628826127
45,0.01,0.3,zz_scale_0.3,1,5.373252461486744
45,0.01,0.3,zz_scale_0.3,1,4.826346416520445
45,0.01,0.3,zz_scale_0.3,1,5.295726028360703
45,0.01,0.3,zz_scale_0.3,1,5.977261468594841
45,0.01,0.3,zz_scale_0.3,1,5.302793662868023
45,0.01,0.3,zz_scale_0.3,1,5.435273618947348
45,0.01,0.3,zz_scale_0.3,1,5.064560285608827
45,0.01,0.3,zz_scale_0.3,1,5.69297490129993
45,0.02,,clean,0,3.8197827117136467
45,0.02,,clean,0,3.5220475204306245
45,0.02,,clean,0,4.082077616854712
45,0.02,,clean,0,4.049295114922129
45,0.02,,clean,0,3.8578562765315954
45,0.02,,clean,0,3.7809970418748517
45,0.02,,clean,0,4.1574143082043475
45,0.02,,clean,0,3.9511471884753107
45,0.02,,clean,0,3.6277274805397854
45,0.02,,clean,0,4.49764746679738
45,0.02,,clean,0,4.456511599785226
45,0.02,,clean,0,3.8536981580652085
45,0.02,,clean,0,3.8896030881392436
45,0.02,,clean,0,3.9416784615138507
45,0.02,,clean,0,3.8687467378170157
45,0.02,0.05,zz_scale_0.05,1,4.664662780685211
45,0.02,0.05,zz_scale_0.05,1,4.130172899192716
45,0.02,0.05,zz_scale_0.05,1,3.759134743095586
45,0.02,0.05,zz_scale_0.05,1,3.7583228167277216
45,0.02,0.05,zz_scale_0.05,1,3.8656730347358983
45,0.02,0.05,zz_scale_0.05,1,4.219298881263045
45,0.02,0.05,zz_scale_0.05,1,3.721799443983484
45,0.02,0.05,zz_scale_0.05,1,3.8135231815831023
45,0.02,0.05,zz_scale_0.05,1,3.799728488278579
45,0.02,0.05,zz_scale_0.05,1,4.024803380409052
45,0.02,0.05,zz_scale_0.05,1,3.701981973820775
45,0.02,0.05,zz_scale_0.05,1,3.924364891075488
45,0.02,0.05,zz_scale_0.05,1,3.5592647545049267
45,0.02,0.05,zz_scale_0.05,1,3.816780033289252
45,0.02,0.05,zz_scale_0.05,1,4.253863887505103
45,0.02,0.15,zz_scale_0.15,1,4.062881467826537
45,0.02,0.15,zz_scale_0.15,1,4.368660225655136
45,0.02,0.15,zz_scale_0.15,1,4.6725512070635125
45,0.02,0.15,zz_scale_0.15,1,4.190632014256052
45,0.02,0.15,zz_scale_0.15,1,4.541770274814846
45,0.02,0.15,zz_scale_0.15,1,4.734500062489046
45,0.02,0.15,zz_scale_0.15,1,4.706404364714948
45,0.02,0.15,zz_scale_0.15,1,4.35249591582191
45,0.02,0.15,zz_scale_0.15,1,4.915512117999867
45,0.02,0.15,zz_scale_0.15,1,4.4114811685077795
45,0.02,0.15,zz_scale_0.15,1,4.417216002023289
45,0.02,0.15,zz_scale_0.15,1,4.472840153435385
45,0.02,0.15,zz_scale_0.15,1,4.161735747389687
45,0.02,0.15,zz_scale_0.15,1,3.915292802988532
45,0.02,0.15,zz_scale_0.15,1,4.015822510505074
45,0.02,0.3,zz_scale_0.3,1,5.660127065964057
45,0.02,0.3,zz_scale_0.3,1,5.599405161783255
45,0.02,0.3,zz_scale_0.3,1,5.301405068289657
45,0.02,0.3,zz_scale_0.3,1,5.160661737929122
45,0.02,0.3,zz_scale_0.3,1,4.781857915305311
45,0.02,0.3,zz_scale_0.3,1,5.212844259629262
45,0.02,0.3,zz_scale_0.3,1,5.728617573318263
45,0.02,0.3,zz_scale_0.3,1,4.836008343404845
45,0.02,0.3,zz_scale_0.3,1,5.266813891132083
45,0.02,0.3,zz_scale_0.3,1,5.390715052817808
45,0.02,0.3,zz_scale_0.3,1,5.015124022254166
45,0.02,0.3,zz_scale_0.3,1,4.803256832975994
45,0.02,0.3,zz_scale_0.3,1,5.299983183512163
45,0.02,0.3,zz_scale_0.3,1,5.370401901880843
45,0.02,0.3,zz_scale_0.3,1,4.913472469750669
45,0.05,,clean,0,4.316938234365066
45,0.05,,clean,0,4.189111202780422
45,0.05,,clean,0,4.116901430686543
45,0.05,,clean,0,3.6550016036501414
45,0.05,,clean,0,3.900634575740605
45,0.05,,clean,0,3.9239090874369165
45,0.05,,clean,0,4.000028891924904
45,0.05,,clean,0,4.363368314541795
45,0.05,,clean,0,3.84308877744118
45,0.05,,clean,0,3.945219463539974
45,0.05,,clean,0,4.121858965083896
45,0.05,,clean,0,3.789103317146614
45,0.05,,clean,0,4.025471723002748
45,0.05,,clean,0,3.9916083852816033
45,0.05,,clean,0,3.903112482706972
45,0.05,0.05,zz_scale_0.05,1,3.5873710655408093
45,0.05,0.05,zz_scale_0.05,1,3.824277757124331
45,0.05,0.05,zz_scale_0.05,1,3.686039419940547
45,0.05,0.05,zz_scale_0.05,1,3.8500242293242715
45,0.05,0.05,zz_scale_0.05,1,4.310285231003126
45,0.05,0.05,zz_scale_0.05,1,3.926648273152492
45,0.05,0.05,zz_scale_0.05,1,3.6513145859698803
45,0.05,0.05,zz_scale_0.05,1,4.060378814514237
45,0.05,0.05,zz_scale_0.05,1,3.4147441322850707
45,0.05,0.05,zz_scale_0.05,1,4.055961093565146
45,0.05,0.05,zz_scale_0.05,1,3.861162440559711
45,0.05,0.05,zz_scale_0.05,1,3.4944572132662253
45,0.05,0.05,zz_scale_0.05,1,3.7478716104255065
45,0.05,0.05,zz_scale_0.05,1,3.777873832153203
45,0.05,0.05,zz_scale_0.05,1,3.4619804424251925
45,0.05,0.15,zz_scale_0.15,1,4.561460310342399
45,0.05,0.15,zz_scale_0.15,1,4.577024350425854
45,0.05,0.15,zz_scale_0.15,1,4.381179490333107
45,0.05,0.15,zz_scale_0.15,1,3.8365969478772346
45,0.05,0.15,zz_scale_0.15,1,4.026268661316633
45,0.05,0.15,zz_scale_0.15,1,4.376687164471263
45,0.05,0.15,zz_scale_0.15,1,4.200206870041837
45,0.05,0.15,zz_scale_0.15,1,4.246638667528897
45,0.05,0.15,zz_scale_0.15,1,4.356255733466775
45,0.05,0.15,zz_scale_0.15,1,4.2345605124013295
45,0.05,0.15,zz_scale_0.15,1,4.209233297375475
45,0.05,0.15,zz_scale_0.15,1,4.398807689935388
45,0.05,0.15,zz_scale_0.15,1,4.61124265701433
45,0.05,0.15,zz_scale_0.15,1,4.386769500933304
45,0.05,0.15,zz_scale_0.15,1,3.807738473479443
45,0.05,0.3,zz_scale_0.3,1,5.673874172436643
45,0.05,0.3,zz_scale_0.3,1,5.464014935378871
45,0.05,0.3,zz_scale_0.3,1,4.851437830971699
45,0.05,0.3,zz_scale_0.3,1,5.24462678084842
45,0.05,0.3,zz_scale_0.3,1,4.977319328352091
45,0.05,0.3,zz_scale_0.3,1,4.964204940617065
45,0.05,0.3,zz_scale_0.3,1,5.563637075828308
45,0.05,0.3,zz_scale_0.3,1,4.958414155200436
45,0.05,0.3,zz_scale_0.3,1,4.56361852666288
45,0.05,0.3,zz_scale_0.3,1,4.953238342255478
45,0.05,0.3,zz_scale_0.3,1,5.263019522310808
45,0.05,0.3,zz_scale_0.3,1,5.270664968601118
45,0.05,0.3,zz_scale_0.3,1,5.185075769186164
45,0.05,0.3,zz_scale_0.3,1,5.315156708466159
45,0.05,0.3,zz_scale_0.3,1,5.11318013359385
45,0.1,,clean,0,4.246375998856097
45,0.1,,clean,0,4.248314113014928
45,0.1,,clean,0,4.465275054360474
45,0.1,,clean,0,3.6840973800436574
45,0.1,,clean,0,4.137422309237617
45,0.1,,clean,0,4.204304421183815
45,0.1,,clean,0,4.051481030695014
45,0.1,,clean,0,4.099583211502987
45,0.1,,clean,0,3.64071417932538
45,0.1,,clean,0,4.159459384415743
45,0.1,,clean,0,3.882794528162563
45,0.1,,clean,0,4.3872616941137075
45,0.1,,clean,0,4.274932383262659
45,0.1,,clean,0,3.891468752605336
45,0.1,,clean,0,4.358497143014772
45,0.1,0.05,zz_scale_0.05,1,4.236644996499074
45,0.1,0.05,zz_scale_0.05,1,4.267316718208185
45,0.1,0.05,zz_scale_0.05,1,4.017654174174438
45,0.1,0.05,zz_scale_0.05,1,4.831669929350531
45,0.1,0.05,zz_scale_0.05,1,4.1698959471949975
45,0.1,0.05,zz_scale_0.05,1,3.442768404489705
45,0.1,0.05,zz_scale_0.05,1,3.9718801456729222
45,0.1,0.05,zz_scale_0.05,1,3.505670615830037
45,0.1,0.05,zz_scale_0.05,1,4.005589570016598
45,0.1,0.05,zz_scale_0.05,1,3.539918105801579
45,0.1,0.05,zz_scale_0.05,1,4.345517027575285
45,0.1,0.05,zz_scale_0.05,1,4.14549416750814
45,0.1,0.05,zz_scale_0.05,1,3.74428439112661
45,0.1,0.05,zz_scale_0.05,1,4.377652409028861
45,0.1,0.05,zz_scale_0.05,1,4.064488639474959
45,0.1,0.15,zz_scale_0.15,1,3.6187228261826943
45,0.1,0.15,zz_scale_0.15,1,4.058820865949176
45,0.1,0.15,zz_scale_0.15,1,4.8138133628972275
45,0.1,0.15,zz_scale_0.15,1,3.658611637887444
45,0.1,0.15,zz_scale_0.15,1,4.607876288421566
45,0.1,0.15,zz_scale_0.15,1,4.122401571341888
45,0.1,0.15,zz_scale_0.15,1,4.996239004042206
45,0.1,0.15,zz_scale_0.15,1,4.022188434159259
45,0.1,0.15,zz_scale_0.15,1,4.908991105721684
45,0.1,0.15,zz_scale_0.15,1,4.7815984097652
45,0.1,0.15,zz_scale_0.15,1,3.9903372974613807
45,0.1,0.15,zz_scale_0.15,1,4.465955280021145
45,0.1,0.15,zz_scale_0.15,1,4.332404579144078
45,0.1,0.15,zz_scale_0.15,1,4.215973481972202
45,0.1,0.15,zz_scale_0.15,1,4.17214696653058
45,0.1,0.3,zz_scale_0.3,1,4.609625190705643
45,0.1,0.3,zz_scale_0.3,1,5.0779704957363245
45,0.1,0.3,zz_scale_0.3,1,5.244099647065252
45,0.1,0.3,zz_scale_0.3,1,5.124627854731179
45,0.1,0.3,zz_scale_0.3,1,4.9056044156805845
45,0.1,0.3,zz_scale_0.3,1,5.18834314503052
45,0.1,0.3,zz_scale_0.3,1,5.175530569961448
45,0.1,0.3,zz_scale_0.3,1,5.734754311352688
45,0.1,0.3,zz_scale_0.3,1,5.297770993050151
45,0.1,0.3,zz_scale_0.3,1,4.632755480635394
45,0.1,0.3,zz_scale_0.3,1,5.803056623146684
45,0.1,0.3,zz_scale_0.3,1,5.570821222836032
45,0.1,0.3,zz_scale_0.3,1,5.501094333295128
45,0.1,0.3,zz_scale_0.3,1,4.968794624368259
45,0.1,0.3,zz_scale_0.3,1,4.528274207127921
46,0.0,,clean,0,3.737018864108575
46,0.0,,clean,0,3.5417506345338103
46,0.0,,clean,0,3.889720770176459
46,0.0,,clean,0,3.8071794228731206
46,0.0,,clean,0,3.64009082091385
46,0.0,,clean,0,3.9087678126082612
46,0.0,,clean,0,3.8856952839326246
46,0.0,,clean,0,3.206818174413291
46,0.0,,clean,0,3.664025286036752
46,0.0,,clean,0,3.4344449216646264
46,0.0,,clean,0,3.424659299100954
46,0.0,,clean,0,3.647306507285927
46,0.0,,clean,0,3.282687830728557
46,0.0,,clean,0,3.799099169125594
46,0.0,,clean,0,3.7491732840759613
46,0.0,0.05,zz_scale_0.05,1,4.014712462762121
46,0.0,0.05,zz_scale_0.05,1,3.995985730893722
46,0.0,0.05,zz_scale_0.05,1,3.928904723965007
46,0.0,0.05,zz_scale_0.05,1,3.8714502584382995
46,0.0,0.05,zz_scale_0.05,1,4.203939319157926
46,0.0,0.05,zz_scale_0.05,1,3.6117009700146356
46,0.0,0.05,zz_scale_0.05,1,3.6937809194387006
46,0.0,0.05,zz_scale_0.05,1,3.5981426570261252
46,0.0,0.05,zz_scale_0.05,1,3.6475876151723714
46,0.0,0.05,zz_scale_0.05,1,3.7035080835864838
46,0.0,0.05,zz_scale_0.05,1,3.484495887430916
46,0.0,0.05,zz_scale_0.05,1,3.613048212357676
46,0.0,0.05,zz_scale_0.05,1,3.903244232740349
46,0.0,0.05,zz_scale_0.05,1,4.148175957897242
46,0.0,0.05,zz_scale_0.05,1,3.9381519516428223
46,0.0,0.15,zz_scale_0.15,1,3.9074936040935726
46,0.0,0.15,zz_scale_0.15,1,4.399811639573256
46,0.0,0.15,zz_scale_0.15,1,4.112111128708573
46,0.0,0.15,zz_scale_0.15,1,4.518372535223593
46,0.0,0.15,zz_scale_0.15,1,4.226626968166336
46,0.0,0.15,zz_scale_0.15,1,4.471021219242198
46,0.0,0.15,zz_scale_0.15,1,4.175856651654381
46,0.0,0.15,zz_scale_0.15,1,4.314517542638474
46,0.0,0.15,zz_scale_0.15,1,4.254534755744874
46,0.0,0.15,zz_scale_0.15,1,4.503763196833798
46,0.0,0.15,zz_scale_0.15,1,4.33638508689202
46,0.0,0.15,zz_scale_0.15,1,3.8992412737067377
46,0.0,0.15,zz_scale_0.15,1,4.116098481783301
46,0.0,0.15,zz_scale_0.15,1,3.910792179577434
46,0.0,0.15,zz_scale_0.15,1,4.338906532862825
46,0.0,0.3,zz_scale_0.3,1,4.512298385880684
46,0.0,0.3,zz_scale_0.3,1,4.12876117104779
46,0.0,0.3,zz_scale_0.3,1,4.523846846232934
46,0.0,0.3,zz_scale_0.3,1,5.032160992537364
46,0.0,0.3,zz_scale_0.3,1,4.589347216892955
46,0.0,0.3,zz_scale_0.3,1,5.000756704548319
46,0.0,0.3,zz_scale_0.3,1,4.541302608223337
46,0.0,0.3,zz_scale_0.3,1,4.470428442449967
46,0.0,0.3,zz_scale_0.3,1,4.517403426739435
46,0.0,0.3,zz_scale_0.3,1,5.075870877502065
46,0.0,0.3,zz_scale_0.3,1,4.20777969558762
46,0.0,0.3,zz_scale_0.3,1,4.33982989840635
46,0.0,0.3,zz_scale_0.3,1,4.084758550901168
46,0.0,0.3,zz_scale_0.3,1,5.553585115273948
46,0.0,0.3,zz_scale_0.3,1,5.197339844963085
46,0.01,,clean,0,3.652218338187864
46,0.01,,clean,0,3.7942716441945263
46,0.01,,clean,0,4.096563453616888
46,0.01,,clean,0,4.0710961441786075
46,0.01,,clean,0,3.830984893683662
46,0.01,,clean,0,3.7648919458882917
46,0.01,,clean,0,3.6389200342649572
46,0.01,,clean,0,3.35698654809179
46,0.01,,clean,0,4.310994775140984
46,0.01,,clean,0,3.9259158429840735
46,0.01,,clean,0,4.462887946011041
46,0.01,,clean,0,3.5505966719714834
46,0.01,,clean,0,3.7325013879332327
46,0.01,,clean,0,3.949523264950633
46,0.01,,clean,0,4.083823475296143
46,0.01,0.05,zz_scale_0.05,1,3.750202403437212
46,0.01,0.05,zz_scale_0.05,1,3.870409064802643
46,0.01,0.05,zz_scale_0.05,1,3.304140520976762
46,0.01,0.05,zz_scale_0.05,1,4.279227661259879
46,0.01,0.05,zz_scale_0.05,1,3.7130065177966216
46,0.01,0.05,zz_scale_0.05,1,4.240687585281783
46,0.01,0.05,zz_scale_0.05,1,4.1545907268051865
46,0.01,0.05,zz_scale_0.05,1,3.7515107707407824
46,0.01,0.05,zz_scale_0.05,1,3.9764596829100025
46,0.01,0.05,zz_scale_0.05,1,4.0050917781190645
46,0.01,0.05,zz_scale_0.05,1,3.7724571853071334
46,0.01,0.05,zz_scale_0.05,1,4.161605541460561
46,0.01,0.05,zz_scale_0.05,1,3.79232664422377
46,0.01,0.05,zz_scale_0.05,1,4.175058826861349
46,0.01,0.05,zz_scale_0.05,1,3.2984745901370305
46,0.01,0.15,zz_scale_0.15,1,4.079089795449242
46,0.01,0.15,zz_scale_0.15,1,4.260671826351746
46,0.01,0.15,zz_scale_0.15,1,4.51787895424177
46,0.01,0.15,zz_scale_0.15,1,4.505169139089086
46,0.01,0.15,zz_scale_0.15,1,4.00785866994344
46,0.01,0.15,zz_scale_0.15,1,4.148859223932667
46,0.01,0.15,zz_scale_0.15,1,3.895412660598735
46,0.01,0.15,zz_scale_0.15,1,4.92109409335823
46,0.01,0.15,zz_scale_0.15,1,3.883656788740323
46,0.01,0.15,zz_scale_0.15,1,3.525243200936759
46,0.01,0.15,zz_scale_0.15,1,3.980817979737316
46,0.01,0.15,zz_scale_0.15,1,4.355569178860275
46,0.01,0.15,zz_scale_0.15,1,3.580498741667215
46,0.01,0.15,zz_scale_0.15,1,4.400953038421603
46,0.01,0.15,zz_scale_0.15,1,3.7551208505534523
46,0.01,0.3,zz_scale_0.3,1,4.9678368857640836
46,0.01,0.3,zz_scale_0.3,1,4.738200259433202
46,0.01,0.3,zz_scale_0.3,1,4.6313716789723935
46,0.01,0.3,zz_scale_0.3,1,4.339085780286574
46,0.01,0.3,zz_scale_0.3,1,5.58322509873935
46,0.01,0.3,zz_scale_0.3,1,5.221555354403066
46,0.01,0.3,zz_scale_0.3,1,5.021775211859644
46,0.01,0.3,zz_scale_0.3,1,5.12434848065593
46,0.01,0.3,zz_scale_0.3,1,4.860909117002165
46,0.01,0.3,zz_scale_0.3,1,4.9752066750778505
46,0.01,0.3,zz_scale_0.3,1,5.245235853908489
46,0.01,0.3,zz_scale_0.3,1,4.6073274255274175
46,0.01,0.3,zz_scale_0.3,1,4.965929272528137
46,0.01,0.3,zz_scale_0.3,1,5.014112573487949
46,0.01,0.3,zz_scale_0.3,1,5.251996868479002
46,0.02,,clean,0,3.8927452513714607
46,0.02,,clean,0,3.2918768377025613
46,0.02,,clean,0,3.6927872175054812
46,0.02,,clean,0,3.504125312882498
46,0.02,,clean,0,3.9816809123422874
46,0.02,,clean,0,3.520500861147794
46,0.02,,clean,0,4.015928400475208
46,0.02,,clean,0,4.09648963944952
46,0.02,,clean,0,4.658972890322443
46,0.02,,clean,0,3.8028168679742613
46,0.02,,clean,0,3.6380961726739556
46,0.02,,clean,0,3.8618887082971605
46,0.02,,clean,0,3.4530247452892664
46,0.02,,clean,0,4.635339384524543
46,0.02,,clean,0,3.7180222327538424
46,0.02,0.05,zz_scale_0.05,1,3.6508263937328844
46,0.02,0.05,zz_scale_0.05,1,3.6668860112291686
46,0.02,0.05,zz_scale_0.05,1,3.531262966143498
46,0.02,0.05,zz_scale_0.05,1,3.720871466117591
46,0.02,0.05,zz_scale_0.05,1,4.261542099543859
46,0.02,0.05,zz_scale_0.05,1,3.935855456952987
46,0.02,0.05,zz_scale_0.05,1,3.854765843062723
46,0.02,0.05,zz_scale_0.05,1,4.316223447203364
46,0.02,0.05,zz_scale_0.05,1,3.6447630486891116
46,0.02,0.05,zz_scale_0.05,1,3.3548395172171395
46,0.02,0.05,zz_scale_0.05,1,3.909299891356114
46,0.02,0.05,zz_scale_0.05,1,3.985773665193244
46,0.02,0.05,zz_scale_0.05,1,3.6286431311366156
46,0.02,0.05,zz_scale_0.05,1,3.8865592378133647
46,0.02,0.05,zz_scale_0.05,1,3.91655122261528
46,0.02,0.15,zz_scale_0.15,1,4.226317690920702
46,0.02,0.15,zz_scale_0.15,1,4.03540451719453
46,0.02,0.15,zz_scale_0.15,1,4.1674552182102005
46,0.02,0.15,zz_scale_0.15,1,4.2038248260688285
46,0.02,0.15,zz_scale_0.15,1,4.088911435660975
46,0.02,0.15,zz_scale_0.15,1,4.33109449817285
46,0.02,0.15,zz_scale_0.15,1,4.411669558842157
46,0.02,0.15,zz_scale_0.15,1,3.999884753930615
46,0.02,0.15,zz_scale_0.15,1,4.262395295435163
46,0.02,0.15,zz_scale_0.15,1,4.875729181956457
46,0.02,0.15,zz_scale_0.15,1,4.185946284574223
46,0.02,0.15,zz_scale_0.15,1,3.9850795006103894
46,0.02,0.15,zz_scale_0.15,1,4.726965805226922
46,0.02,0.15,zz_scale_0.15,1,4.621923468288174
46,0.02,0.15,zz_scale_0.15,1,4.530545511733178
46,0.02,0.3,zz_scale_0.3,1,4.766141950334058
46,0.02,0.3,zz_scale_0.3,1,4.539653617060253
46,0.02,0.3,zz_scale_0.3,1,4.545710909160985
46,0.02,0.3,zz_scale_0.3,1,4.737566235551785
46,0.02,0.3,zz_scale_0.3,1,4.436296645772639
46,0.02,0.3,zz_scale_0.3,1,5.021359967297194
46,0.02,0.3,zz_scale_0.3,1,4.863939840645226
46,0.02,0.3,zz_scale_0.3,1,4.9540550096040175
46,0.02,0.3,zz_scale_0.3,1,4.4247715511465335
46,0.02,0.3,zz_scale_0.3,1,4.802317545661641
46,0.02,0.3,zz_scale_0.3,1,3.955379177001959
46,0.02,0.3,zz_scale_0.3,1,5.091863917041731
46,0.02,0.3,zz_scale_0.3,1,4.289344565808094
46,0.02,0.3,zz_scale_0.3,1,4.60136228213574
46,0.02,0.3,zz_scale_0.3,1,4.431960886241529
46,0.05,,clean,0,4.3281762195852895
46,0.05,,clean,0,4.0575037184539395
46,0.05,,clean,0,4.587798046818441
46,0.05,,clean,0,4.297020043828629
46,0.05,,clean,0,3.793117051219387
46,0.05,,clean,0,3.569081070429901
46,0.05,,clean,0,3.373739909606152
46,0.05,,clean,0,3.8508579057535712
46,0.05,,clean,0,3.830995902416107
46,0.05,,clean,0,3.837497000615342
46,0.05,,clean,0,4.367071774928178
46,0.05,,clean,0,3.9253970950692154
46,0.05,,clean,0,4.449615917879981
46,0.05,,clean,0,4.3564326725705635
46,0.05,,clean,0,4.148887998405495
46,0.05,0.05,zz_scale_0.05,1,3.8236128281489283
46,0.05,0.05,zz_scale_0.05,1,3.9778888904562923
46,0.05,0.05,zz_scale_0.05,1,3.9812808856044435
46,0.05,0.05,zz_scale_0.05,1,3.9653152229275723
46,0.05,0.05,zz_scale_0.05,1,4.26561125849155
46,0.05,0.05,zz_scale_0.05,1,4.262490412068672
46,0.05,0.05,zz_scale_0.05,1,3.753491088303144
46,0.05,0.05,zz_scale_0.05,1,3.870837997261046
46,0.05,0.05,zz_scale_0.05,1,4.1091847137676725
46,0.05,0.05,zz_scale_0.05,1,3.7309095666317744
46,0.05,0.05,zz_scale_0.05,1,4.097383825716876
46,0.05,0.05,zz_scale_0.05,1,3.9780130961840965
46,0.05,0.05,zz_scale_0.05,1,3.4510076791065987
46,0.05,0.05,zz_scale_0.05,1,4.044599254007986
46,0.05,0.05,zz_scale_0.05,1,3.9614735951474747
46,0.05,0.15,zz_scale_0.15,1,3.840250890070205
46,0.05,0.15,zz_scale_0.15,1,4.22191595881614
46,0.05,0.15,zz_scale_0.15,1,4.357891567655305
46,0.05,0.15,zz_scale_0.15,1,4.068913352542041
46,0.05,0.15,zz_scale_0.15,1,3.9729721115764733
46,0.05,0.15,zz_scale_0.15,1,4.080250194254829
46,0.05,0.15,zz_scale_0.15,1,3.7821690421586864
46,0.05,0.15,zz_scale_0.15,1,3.861941670774344
46,0.05,0.15,zz_scale_0.15,1,3.6102972872388315
46,0.05,0.15,zz_scale_0.15,1,4.279317678107907
46,0.05,0.15,zz_scale_0.15,1,4.252250577449085
46,0.05,0.15,zz_scale_0.15,1,3.708285789058988
46,0.05,0.15,zz_scale_0.15,1,4.477371851129991
46,0.05,0.15,zz_scale_0.15,1,4.626658887962543
46,0.05,0.15,zz_scale_0.15,1,4.666918365353589
46,0.05,0.3,zz_scale_0.3,1,5.420299419511592
46,0.05,0.3,zz_scale_0.3,1,4.561717811181648
46,0.05,0.3,zz_scale_0.3,1,4.140870152098807
46,0.05,0.3,zz_scale_0.3,1,4.87151346061648
46,0.05,0.3,zz_scale_0.3,1,4.332489685276458
46,0.05,0.3,zz_scale_0.3,1,5.251676495867047
46,0.05,0.3,zz_scale_0.3,1,4.4899271019309195
46,0.05,0.3,zz_scale_0.3,1,4.678600865412646
46,0.05,0.3,zz_scale_0.3,1,4.870754614185333
46,0.05,0.3,zz_scale_0.3,1,4.136091232475903
46,0.05,0.3,zz_scale_0.3,1,4.763377463902629
46,0.05,0.3,zz_scale_0.3,1,4.894534106875243
46,0.05,0.3,zz_scale_0.3,1,4.963805606765688
46,0.05,0.3,zz_scale_0.3,1,4.905527184483423
46,0.05,0.3,zz_scale_0.3,1,4.659875839099601
46,0.1,,clean,0,3.8301306861062554
46,0.1,,clean,0,4.029298261725848
46,0.1,,clean,0,4.1523586544081175
46,0.1,,clean,0,4.130634916038359
46,0.1,,clean,0,3.4720394186846426
46,0.1,,clean,0,3.680208443463529
46,0.1,,clean,0,3.9174009030886165
46,0.1,,clean,0,4.017848794046215
46,0.1,,clean,0,3.1473929754725614
46,0.1,,clean,0,3.9750416535953472
46,0.1,,clean,0,4.109344249629106
46,0.1,,clean,0,4.165666474671589
46,0.1,,clean,0,4.329294327412519
46,0.1,,clean,0,3.991071950170485
46,0.1,,clean,0,3.988232384673356
46,0.1,0.05,zz_scale_0.05,1,3.5049862798624942
46,0.1,0.05,zz_scale_0.05,1,4.1099091691202405
46,0.1,0.05,zz_scale_0.05,1,3.711212631110967
46,0.1,0.05,zz_scale_0.05,1,3.8731992140859353
46,0.1,0.05,zz_scale_0.05,1,4.050383018585547
46,0.1,0.05,zz_scale_0.05,1,4.279503687077572
46,0.1,0.05,zz_scale_0.05,1,4.427698744832155
46,0.1,0.05,zz_scale_0.05,1,4.097594410240403
46,0.1,0.05,zz_scale_0.05,1,4.17805022598512
46,0.1,0.05,zz_scale_0.05,1,3.798436554105686
46,0.1,0.05,zz_scale_0.05,1,4.207215070543478
46,0.1,0.05,zz_scale_0.05,1,4.099298419298016
46,0.1,0.05,zz_scale_0.05,1,4.267354559318093
46,0.1,0.05,zz_scale_0.05,1,3.860578400951191
46,0.1,0.05,zz_scale_0.05,1,3.904696525687527
46,0.1,0.15,zz_scale_0.15,1,4.270097980211391
46,0.1,0.15,zz_scale_0.15,1,4.031739206042095
46,0.1,0.15,zz_scale_0.15,1,4.573606405739324
46,0.1,0.15,zz_scale_0.15,1,4.187991769510714
46,0.1,0.15,zz_scale_0.15,1,3.6235349949884474
46,0.1,0.15,zz_scale_0.15,1,3.5379729664997686
46,0.1,0.15,zz_scale_0.15,1,4.904338253770601
46,0.1,0.15,zz_scale_0.15,1,4.03831535609869
46,0.1,0.15,zz_scale_0.15,1,3.8216704853747716
46,0.1,0.15,zz_scale_0.15,1,3.7883328674754284
46,0.1,0.15,zz_scale_0.15,1,3.8738721331775845
46,0.1,0.15,zz_scale_0.15,1,3.7651914685484793
46,0.1,0.15,zz_scale_0.15,1,3.6874428127164696
46,0.1,0.15,zz_scale_0.15,1,4.110404954569065
46,0.1,0.15,zz_scale_0.15,1,4.568756214189841
46,0.1,0.3,zz_scale_0.3,1,5.356014280175451
46,0.1,0.3,zz_scale_0.3,1,4.322651028886081
46,0.1,0.3,zz_scale_0.3,1,4.639263757016915
46,0.1,0.3,zz_scale_0.3,1,4.639603091680664
46,0.1,0.3,zz_scale_0.3,1,4.543457265371875
46,0.1,0.3,zz_scale_0.3,1,4.742228700530167
46,0.1,0.3,zz_scale_0.3,1,4.665052520278343
46,0.1,0.3,zz_scale_0.3,1,4.392133332537876
46,0.1,0.3,zz_scale_0.3,1,4.692442689257753
46,0.1,0.3,zz_scale_0.3,1,4.539678146772214
46,0.1,0.3,zz_scale_0.3,1,4.44683160293336
46,0.1,0.3,zz_scale_0.3,1,4.897319408482945
46,0.1,0.3,zz_scale_0.3,1,4.405247396664271
46,0.1,0.3,zz_scale_0.3,1,4.362271630847107
46,0.1,0.3,zz_scale_0.3,1,4.737147922804074
