seed,damping_g,condition,label,delta_pilot
42,0.0,clean,0,4.541141953569347
42,0.0,clean,0,3.8140784008563156
42,0.0,clean,0,3.5449729932787744
42,0.0,clean,0,4.170414818558694
42,0.0,clean,0,3.9902387647403406
42,0.0,clean,0,3.694579101238289
42,0.0,clean,0,3.9335050069418376
42,0.0,clean,0,3.8673180425041362
42,0.0,clean,0,3.3822430426376218
42,0.0,clean,0,3.7735543852831337
42,0.0,clean,0,4.284048755054475
42,0.0,clean,0,4.481731961331562
42,0.0,clean,0,3.4117661175489
42,0.0,clean,0,3.576227504364761
42,0.0,clean,0,3.2657439410907205
42,0.0,zz_full,1,6.5443268377016635
42,0.0,zz_full,1,6.0616160353620545
42,0.0,zz_full,1,6.699791968495095
42,0.0,zz_full,1,5.751808682629747
42,0.0,zz_full,1,6.215936427944784
42,0.0,zz_full,1,5.9428094657558885
42,0.0,zz_full,1,6.173055286051517
42,0.0,zz_full,1,6.3092097469708825
42,0.0,zz_full,1,5.953560043633041
42,0.0,zz_full,1,6.091855684505985
42,0.0,zz_full,1,5.94512972439515
42,0.0,zz_full,1,5.9383431992515865
42,0.0,zz_full,1,6.0013240535541605
42,0.0,zz_full,1,5.193347452613215
42,0.0,zz_full,1,6.1479620778949124
42,0.0,z_only,1,6.984374244102788
42,0.0,z_only,1,6.293597168882539
42,0.0,z_only,1,6.536153390566634
42,0.0,z_only,1,6.368202296050999
42,0.0,z_only,1,6.418647760754933
42,0.0,z_only,1,6.433179827546482
42,0.0,z_only,1,5.991376888484458
42,0.0,z_only,1,7.076603248194782
42,0.0,z_only,1,6.6506479731726715
42,0.0,z_only,1,5.532632431412125
42,0.0,z_only,1,5.647028633222643
42,0.0,z_only,1,5.764605817227194
42,0.0,z_only,1,6.768740985071823
42,0.0,z_only,1,6.096373473616071
42,0.0,z_only,1,6.216074872356186
42,0.01,clean,0,4.2636187018589276
42,0.01,clean,0,3.9797912594985503
42,0.01,clean,0,4.043355671593024
42,0.01,clean,0,3.6031486646740802
42,0.01,clean,0,3.446885865018658
42,0.01,clean,0,3.9581269274023456
42,0.01,clean,0,3.881707155829129
42,0.01,clean,0,3.639640658580858
42,0.01,clean,0,3.65465523325221
42,0.01,clean,0,3.807259321944667
42,0.01,clean,0,4.223577372823851
42,0.01,clean,0,3.806079349266859
42,0.01,clean,0,3.6485406688956123
42,0.01,clean,0,3.6734697961885914
42,0.01,clean,0,3.940449212080328
42,0.01,zz_full,1,5.518469419635357
42,0.01,zz_full,1,6.454846025833127
42,0.01,zz_full,1,6.126241262483437
42,0.01,zz_full,1,6.087389121938867
42,0.01,zz_full,1,6.210821274275661
42,0.01,zz_full,1,6.14388394626912
42,0.01,zz_full,1,6.203769916012994
42,0.01,zz_full,1,6.385481006104095
42,0.01,zz_full,1,6.154339412735958
42,0.01,zz_full,1,5.941503469720269
42,0.01,zz_full,1,6.147567992369263
42,0.01,zz_full,1,6.231754230860699
42,0.01,zz_full,1,6.762174845133886
42,0.01,zz_full,1,5.99632099357234
42,0.01,zz_full,1,5.8258581607406486
42,0.01,z_only,1,7.15143556212317
42,0.01,z_only,1,5.882124202389261
42,0.01,z_only,1,5.692914612460152
42,0.01,z_only,1,5.8248717306479385
42,0.01,z_only,1,6.282844519783749
42,0.01,z_only,1,5.930197040126842
42,0.01,z_only,1,6.090137714348045
42,0.01,z_only,1,6.443946855616695
42,0.01,z_only,1,7.17712218114561
42,0.01,z_only,1,6.025761900434803
42,0.01,z_only,1,6.90651196758335
42,0.01,z_only,1,6.336316312058837
42,0.01,z_only,1,6.258575144656493
42,0.01,z_only,1,6.86682132062935
42,0.01,z_only,1,6.497061958193231
42,0.02,clean,0,4.541619247611809
42,0.02,clean,0,3.635827557463774
42,0.02,clean,0,4.163986366534937
42,0.02,clean,0,4.25274430369196
42,0.02,clean,0,4.0283365853292095
42,0.02,clean,0,3.7749159294591963
42,0.02,clean,0,4.111639786717377
42,0.02,clean,0,3.9404944901784313
42,0.02,clean,0,3.938659814676096
42,0.02,clean,0,4.499408121829465
42,0.02,clean,0,3.1423018773100013
42,0.02,clean,0,4.007013294037076
42,0.02,clean,0,4.18365115698534
42,0.02,clean,0,3.665699195043172
42,0.02,clean,0,3.6908061535358074
42,0.02,zz_full,1,5.565392567723359
42,0.02,zz_full,1,5.9488882664363425
42,0.02,zz_full,1,6.410587549433786
42,0.02,zz_full,1,5.625426017657282
42,0.02,zz_full,1,6.075905802867197
42,0.02,zz_full,1,5.648493000665657
42,0.02,zz_full,1,5.639934979263291
42,0.02,zz_full,1,5.98735240313251
42,0.02,zz_full,1,5.971630761920358
42,0.02,zz_full,1,5.588133367397672
42,0.02,zz_full,1,6.015545710684367
42,0.02,zz_full,1,5.782766555473991
42,0.02,zz_full,1,5.797691698795793
42,0.02,zz_full,1,5.62110799891401
42,0.02,zz_full,1,5.510730240827773
42,0.02,z_only,1,6.3592282464293435
42,0.02,z_only,1,6.536558573425237
42,0.02,z_only,1,6.434666343477273
42,0.02,z_only,1,5.994333514304386
42,0.02,z_only,1,6.878899467529795
42,0.02,z_only,1,6.0779211351868785
42,0.02,z_only,1,6.26865049868813
42,0.02,z_only,1,6.037760590510001
42,0.02,z_only,1,6.288102489199036
42,0.02,z_only,1,6.374132872613815
42,0.02,z_only,1,5.81901887540447
42,0.02,z_only,1,5.927838269596482
42,0.02,z_only,1,5.3826118241372525
42,0.02,z_only,1,6.425969601024847
42,0.02,z_only,1,6.045707358387438
42,0.05,clean,0,3.3928655188660737
42,0.05,clean,0,4.422715755712609
42,0.05,clean,0,3.515661968705892
42,0.05,clean,0,4.293475929287925
42,0.05,clean,0,3.4432624025970133
42,0.05,clean,0,3.980763303719167
42,0.05,clean,0,3.590691129118246
42,0.05,clean,0,3.464832236456779
42,0.05,clean,0,4.453961120074769
42,0.05,clean,0,4.239847644743997
42,0.05,clean,0,4.112652232218468
42,0.05,clean,0,4.1629720850147525
42,0.05,clean,0,4.604965236934965
42,0.05,clean,0,4.263246019755881
42,0.05,clean,0,3.8378404612900336
42,0.05,zz_full,1,5.985495039780998
42,0.05,zz_full,1,6.2669466027845715
42,0.05,zz_full,1,5.506236739248255
42,0.05,zz_full,1,5.941342837435341
42,0.05,zz_full,1,5.795390012236439
42,0.05,zz_full,1,5.139984986306103
42,0.05,zz_full,1,6.023957442867298
42,0.05,zz_full,1,6.405874174316585
42,0.05,zz_full,1,5.647662226188036
42,0.05,zz_full,1,6.261412248738745
42,0.05,zz_full,1,5.816339363482668
42,0.05,zz_full,1,6.433293047154274
42,0.05,zz_full,1,6.455732547421072
42,0.05,zz_full,1,6.429624991652874
42,0.05,zz_full,1,5.789248838306364
42,0.05,z_only,1,6.019658168858125
42,0.05,z_only,1,5.971182975329634
42,0.05,z_only,1,6.082147891963158
42,0.05,z_only,1,5.778018609514945
42,0.05,z_only,1,6.168320599277718
42,0.05,z_only,1,5.707459020768539
42,0.05,z_only,1,5.917161665881532
42,0.05,z_only,1,5.708182366308484
42,0.05,z_only,1,6.028147848960273
42,0.05,z_only,1,5.775338747228888
42,0.05,z_only,1,5.29130694362772
42,0.05,z_only,1,6.351651010653542
42,0.05,z_only,1,6.5468684995011674
42,0.05,z_only,1,6.087816618661166
42,0.05,z_only,1,6.236639868658567
42,0.1,clean,0,4.034909792176106
42,0.1,clean,0,4.326826402289295
42,0.1,clean,0,3.917058121783263
42,0.1,clean,0,4.2914490813846555
42,0.1,clean,0,4.256089458717114
42,0.1,clean,0,3.6231770090689355
42,0.1,clean,0,3.899233735073068
42,0.1,clean,0,3.8442074069531875
42,0.1,clean,0,3.9121848482471173
42,0.1,clean,0,3.867379946522813
42,0.1,clean,0,3.665685241862198
42,0.1,clean,0,4.574185468046222
42,0.1,clean,0,3.5612665083857857
42,0.1,clean,0,4.6018217200592595
42,0.1,clean,0,3.9027909210028433
42,0.1,zz_full,1,5.464674047512551
42,0.1,zz_full,1,5.89312115314826
42,0.1,zz_full,1,5.480821203501568
42,0.1,zz_full,1,5.26372127693853
42,0.1,zz_full,1,6.070219609406786
42,0.1,zz_full,1,4.780216655150313
42,0.1,zz_full,1,5.727663709875182
42,0.1,zz_full,1,6.237743249274807
42,0.1,zz_full,1,5.550940636135522
42,0.1,zz_full,1,5.043051233231844
42,0.1,zz_full,1,5.457760265653747
42,0.1,zz_full,1,6.335634986535653
42,0.1,zz_full,1,5.474651885366862
42,0.1,zz_full,1,5.138545703936345
42,0.1,zz_full,1,5.528781962040424
42,0.1,z_only,1,5.588914566530731
42,0.1,z_only,1,5.867870121989266
42,0.1,z_only,1,5.829374236093641
42,0.1,z_only,1,5.990495993872587
42,0.1,z_only,1,6.340980195991297
42,0.1,z_only,1,5.612374524093949
42,0.1,z_only,1,6.095737932645324
42,0.1,z_only,1,5.858855840933091
42,0.1,z_only,1,6.284297073296763
42,0.1,z_only,1,6.136508302871352
42,0.1,z_only,1,6.74813436688068
42,0.1,z_only,1,6.107846701904668
42,0.1,z_only,1,6.158598782587948
42,0.1,z_only,1,5.855948164049138
42,0.1,z_only,1,5.7165983504573425
43,0.0,clean,0,3.9369881095928116
43,0.0,clean,0,4.142469650816291
43,0.0,clean,0,3.42661819940354
43,0.0,clean,0,3.8107939339619525
43,0.0,clean,0,4.126039824288462
43,0.0,clean,0,3.918489269928273
43,0.0,clean,0,4.281301716026557
43,0.0,clean,0,3.708645812987914
43,0.0,clean,0,3.606497443263205
43,0.0,clean,0,3.6033004315063115
43,0.0,clean,0,3.87019255987219
43,0.0,clean,0,4.151124835911685
43,0.0,clean,0,4.063354315962828
43,0.0,clean,0,3.2746170980382243
43,0.0,clean,0,3.9761822418038935
43,0.0,zz_full,1,6.363071465431386
43,0.0,zz_full,1,5.636823042638476
43,0.0,zz_full,1,5.382042641789387
43,0.0,zz_full,1,6.499658178009325
43,0.0,zz_full,1,6.037163217475438
43,0.0,zz_full,1,6.417356961026404
43,0.0,zz_full,1,6.387071737185128
43,0.0,zz_full,1,6.6762425838908515
43,0.0,zz_full,1,6.278788319933884
43,0.0,zz_full,1,5.985549603179587
43,0.0,zz_full,1,6.325276387577288
43,0.0,zz_full,1,5.996906685159801
43,0.0,zz_full,1,5.896004523290228
43,0.0,zz_full,1,6.2718436067325305
43,0.0,zz_full,1,5.882215794958775
43,0.0,z_only,1,5.769452177094877
43,0.0,z_only,1,5.099450808833414
43,0.0,z_only,1,6.303528320842072
43,0.0,z_only,1,6.006597245355101
43,0.0,z_only,1,5.994246493596479
43,0.0,z_only,1,6.187147952570102
43,0.0,z_only,1,5.697985687943274
43,0.0,z_only,1,6.285640333901103
43,0.0,z_only,1,5.9992698391446355
43,0.0,z_only,1,5.306510757258646
43,0.0,z_only,1,6.065555760387576
43,0.0,z_only,1,5.597251389887292
43,0.0,z_only,1,6.213321483023124
43,0.0,z_only,1,5.927050063013614
43,0.0,z_only,1,5.853535979282887
43,0.01,clean,0,3.8684437652470494
43,0.01,clean,0,3.969866070907349
43,0.01,clean,0,4.02166126358423
43,0.01,clean,0,3.817383796760535
43,0.01,clean,0,4.690610962052376
43,0.01,clean,0,3.362893567799115
43,0.01,clean,0,3.4870667313987243
43,0.01,clean,0,4.1069822114596715
43,0.01,clean,0,3.6174141913278524
43,0.01,clean,0,4.099188070983904
43,0.01,clean,0,3.788944451967156
43,0.01,clean,0,3.440613913792687
43,0.01,clean,0,3.789860997707717
43,0.01,clean,0,3.590839136704718
43,0.01,clean,0,3.7202307806834143
43,0.01,zz_full,1,6.490909461046516
43,0.01,zz_full,1,6.204384406990014
43,0.01,zz_full,1,6.19071776372653
43,0.01,zz_full,1,5.430676686615477
43,0.01,zz_full,1,5.721905930597665
43,0.01,zz_full,1,5.983257696560157
43,0.01,zz_full,1,5.894579033681113
43,0.01,zz_full,1,5.961460193918618
43,0.01,zz_full,1,5.384692903671817
43,0.01,zz_full,1,5.433679026107582
43,0.01,zz_full,1,6.0635417908930025
43,0.01,zz_full,1,6.392162310054795
43,0.01,zz_full,1,5.85910401413135
43,0.01,zz_full,1,6.029554884129677
43,0.01,zz_full,1,6.042812391392932
43,0.01,z_only,1,5.956710406840278
43,0.01,z_only,1,5.899342251949999
43,0.01,z_only,1,5.942697788550678
43,0.01,z_only,1,5.410569775019705
43,0.01,z_only,1,6.1354427931733815
43,0.01,z_only,1,5.775833091083386
43,0.01,z_only,1,6.122852208257549
43,0.01,z_only,1,5.480994747654965
43,0.01,z_only,1,5.985524355840279
43,0.01,z_only,1,5.934419622338207
43,0.01,z_only,1,5.548353547742787
43,0.01,z_only,1,5.591776817433568
43,0.01,z_only,1,5.548951166220869
43,0.01,z_only,1,5.881067833663601
43,0.01,z_only,1,6.224662751956027
43,0.02,clean,0,3.884659954190417
43,0.02,clean,0,3.6793251697422336
43,0.02,clean,0,4.193771267022119
43,0.02,clean,0,4.049008829298634
43,0.02,clean,0,3.5953727188521047
43,0.02,clean,0,3.97402347961101
43,0.02,clean,0,3.7756818789898356
43,0.02,clean,0,3.6511220323782543
43,0.02,clean,0,3.4210687455141606
43,0.02,clean,0,3.556703072956947
43,0.02,clean,0,3.7276052473376984
43,0.02,clean,0,3.8048320083794853
43,0.02,clean,0,3.8687128587164965
43,0.02,clean,0,3.7031570644665828
43,0.02,clean,0,3.8701698193146097
43,0.02,zz_full,1,5.908333854607385
43,0.02,zz_full,1,5.771203459094317
43,0.02,zz_full,1,5.730227051413968
43,0.02,zz_full,1,5.421342966270242
43,0.02,zz_full,1,6.616281632148873
43,0.02,zz_full,1,6.348395320987494
43,0.02,zz_full,1,6.170450006268077
43,0.02,zz_full,1,5.594012457451737
43,0.02,zz_full,1,5.457303142664433
43,0.02,zz_full,1,6.058209098248008
43,0.02,zz_full,1,6.733604153410887
43,0.02,zz_full,1,6.313561524894819
43,0.02,zz_full,1,5.758114332884927
43,0.02,zz_full,1,5.4948775651318105
43,0.02,zz_full,1,6.189701759299825
43,0.02,z_only,1,5.774962270175593
43,0.02,z_only,1,6.358733436037353
43,0.02,z_only,1,5.502051106759486
43,0.02,z_only,1,5.916581954062374
43,0.02,z_only,1,5.45173851777245
43,0.02,z_only,1,5.849469709467692
43,0.02,z_only,1,5.633856788239985
43,0.02,z_only,1,5.781743239861617
43,0.02,z_only,1,5.939259724564481
43,0.02,z_only,1,5.816732394602421
43,0.02,z_only,1,5.9574960755478
43,0.02,z_only,1,5.1490155797764
43,0.02,z_only,1,5.588710532066152
43,0.02,z_only,1,6.6987427302992995
43,0.02,z_only,1,6.148764333294976
43,0.05,clean,0,3.773184855989247
43,0.05,clean,0,3.877081939181409
43,0.05,clean,0,3.9960871055964393
43,0.05,clean,0,3.4903717069670517
43,0.05,clean,0,3.8185916025696294
43,0.05,clean,0,4.07964930366699
43,0.05,clean,0,4.079372053967608
43,0.05,clean,0,4.35508632865122
43,0.05,clean,0,3.972276931518342
43,0.05,clean,0,4.176787160606578
43,0.05,clean,0,3.4933147661950144
43,0.05,clean,0,3.224651815887725
43,0.05,clean,0,4.232058340200563
43,0.05,clean,0,3.996636364582078
43,0.05,clean,0,3.302186133034295
43,0.05,zz_full,1,6.367806171736735
43,0.05,zz_full,1,6.1049578032749325
43,0.05,zz_full,1,5.678634790252004
43,0.05,zz_full,1,6.414162783580665
43,0.05,zz_full,1,5.4699073347002
43,0.05,zz_full,1,5.8522702399418565
43,0.05,zz_full,1,5.604436010665374
43,0.05,zz_full,1,6.302352237799836
43,0.05,zz_full,1,5.942016898201765
43,0.05,zz_full,1,6.051600931335077
43,0.05,zz_full,1,6.465307135226186
43,0.05,zz_full,1,5.9624728942344944
43,0.05,zz_full,1,5.792299766658068
43,0.05,zz_full,1,6.450962800726226
43,0.05,zz_full,1,6.191036738979112
43,0.05,z_only,1,5.046384781998157
43,0.05,z_only,1,5.118439189379981
43,0.05,z_only,1,5.6377256239888816
43,0.05,z_only,1,5.172372032117157
43,0.05,z_only,1,6.023454851764524
43,0.05,z_only,1,5.514343417484196
43,0.05,z_only,1,5.3318160258974485
43,0.05,z_only,1,5.56174413905256
43,0.05,z_only,1,6.050908531588293
43,0.05,z_only,1,5.646677497154225
43,0.05,z_only,1,5.7029661387187724
43,0.05,z_only,1,5.988334285945551
43,0.05,z_only,1,5.6416707211617085
43,0.05,z_only,1,5.429512919484064
43,0.05,z_only,1,5.969871736408441
43,0.1,clean,0,3.091554375508111
43,0.1,clean,0,4.309033706220154
43,0.1,clean,0,4.314275460218706
43,0.1,clean,0,3.9477393634331914
43,0.1,clean,0,3.6079292907866627
43,0.1,clean,0,4.353902547020663
43,0.1,clean,0,3.8254544709583196
43,0.1,clean,0,3.376951390929416
43,0.1,clean,0,3.6092840702741382
43,0.1,clean,0,3.5332485325444396
43,0.1,clean,0,4.083690135663706
43,0.1,clean,0,4.118412930282908
43,0.1,clean,0,3.672924244829645
43,0.1,clean,0,3.7633983533537085
43,0.1,clean,0,4.368638492713249
43,0.1,zz_full,1,5.832824874589387
43,0.1,zz_full,1,5.790767407664028
43,0.1,zz_full,1,5.4852411232838465
43,0.1,zz_full,1,5.991565547531397
43,0.1,zz_full,1,5.962394672987956
43,0.1,zz_full,1,6.222587384675393
43,0.1,zz_full,1,5.794772887655116
43,0.1,zz_full,1,5.9913131217488065
43,0.1,zz_full,1,6.291614055475414
43,0.1,zz_full,1,5.741491117379612
43,0.1,zz_full,1,5.885553953917277
43,0.1,zz_full,1,5.6636242235383225
43,0.1,zz_full,1,5.885296196579419
43,0.1,zz_full,1,5.9516396962660965
43,0.1,zz_full,1,5.844694076555149
43,0.1,z_only,1,5.5629412471485455
43,0.1,z_only,1,5.24036431837227
43,0.1,z_only,1,5.279196817851164
43,0.1,z_only,1,5.823740571120188
43,0.1,z_only,1,5.251688466231645
43,0.1,z_only,1,5.48290193412508
43,0.1,z_only,1,5.645531090749797
43,0.1,z_only,1,5.10411265483336
43,0.1,z_only,1,5.586612573680293
43,0.1,z_only,1,5.715209816437694
43,0.1,z_only,1,4.984208990735086
43,0.1,z_only,1,5.326027817787357
43,0.1,z_only,1,4.907635861350664
43,0.1,z_only,1,5.81078621156204
43,0.1,z_only,1,5.882528972136826
44,0.0,clean,0,3.763278406470396
44,0.0,clean,0,3.781244965066158
44,0.0,clean,0,4.170304273828539
44,0.0,clean,0,3.908277271959773
44,0.0,clean,0,4.236378843241274
44,0.0,clean,0,4.6516970134606215
44,0.0,clean,0,3.7256019668066456
44,0.0,clean,0,3.815712148662034
44,0.0,clean,0,4.540712590676781
44,0.0,clean,0,3.9332671258659637
44,0.0,clean,0,4.373747320229326
44,0.0,clean,0,3.8838058183709006
44,0.0,clean,0,4.085551574208254
44,0.0,clean,0,3.7513294868305476
44,0.0,clean,0,3.7736445416417626
44,0.0,zz_full,1,6.0175695447843065
44,0.0,zz_full,1,6.792774288987311
44,0.0,zz_full,1,6.878453575202181
44,0.0,zz_full,1,5.573153624996429
44,0.0,zz_full,1,6.83175869936468
44,0.0,zz_full,1,6.7557333563713495
44,0.0,zz_full,1,6.329700523099125
44,0.0,zz_full,1,6.082964012217259
44,0.0,zz_full,1,6.1887061240538035
44,0.0,zz_full,1,5.909605321881207
44,0.0,zz_full,1,6.678522564861874
44,0.0,zz_full,1,6.438066755058362
44,0.0,zz_full,1,5.6927495209894765
44,0.0,zz_full,1,6.0583507678381325
44,0.0,zz_full,1,6.512167871511604
44,0.0,z_only,1,6.363767771816275
44,0.0,z_only,1,6.383272806973602
44,0.0,z_only,1,6.063187501500765
44,0.0,z_only,1,6.955632278471204
44,0.0,z_only,1,6.461981352531756
44,0.0,z_only,1,6.417812157772402
44,0.0,z_only,1,6.338894488667684
44,0.0,z_only,1,6.179955299057598
44,0.0,z_only,1,6.7910772506922985
44,0.0,z_only,1,6.2280159840400575
44,0.0,z_only,1,6.042332301352693
44,0.0,z_only,1,5.680777974756258
44,0.0,z_only,1,6.239923974761996
44,0.0,z_only,1,6.238193876201921
44,0.0,z_only,1,5.804557978022872
44,0.01,clean,0,4.623138672396834
44,0.01,clean,0,4.067228063480724
44,0.01,clean,0,4.158571878540601
44,0.01,clean,0,4.189101060134646
44,0.01,clean,0,4.5324941948406705
44,0.01,clean,0,3.554958265595515
44,0.01,clean,0,4.286990146596644
44,0.01,clean,0,4.704013964002955
44,0.01,clean,0,3.647908021727248
44,0.01,clean,0,3.8277917640712493
44,0.01,clean,0,4.285220669368281
44,0.01,clean,0,3.5522211472338934
44,0.01,clean,0,3.9773789033553477
44,0.01,clean,0,3.661195306677319
44,0.01,clean,0,4.010875929553918
44,0.01,zz_full,1,6.5711453675769
44,0.01,zz_full,1,6.242371147795366
44,0.01,zz_full,1,6.379550830828868
44,0.01,zz_full,1,6.429284841662175
44,0.01,zz_full,1,6.32620450692405
44,0.01,zz_full,1,6.347979794196461
44,0.01,zz_full,1,5.545461382844999
44,0.01,zz_full,1,6.63304988222958
44,0.01,zz_full,1,6.970481681736389
44,0.01,zz_full,1,6.4537045443410035
44,0.01,zz_full,1,6.089026670466788
44,0.01,zz_full,1,6.367456356674562
44,0.01,zz_full,1,6.7531740946121905
44,0.01,zz_full,1,6.028455243612879
44,0.01,zz_full,1,6.617902001261365
44,0.01,z_only,1,5.904295016686071
44,0.01,z_only,1,6.717001957945963
44,0.01,z_only,1,5.976485553672317
44,0.01,z_only,1,6.303744995582352
44,0.01,z_only,1,6.393278733205765
44,0.01,z_only,1,6.020421694821293
44,0.01,z_only,1,6.241066602300716
44,0.01,z_only,1,6.040380716612155
44,0.01,z_only,1,6.446964220445217
44,0.01,z_only,1,5.845369020145306
44,0.01,z_only,1,5.93656477012317
44,0.01,z_only,1,5.793968776350245
44,0.01,z_only,1,5.670249627622727
44,0.01,z_only,1,6.258961857022246
44,0.01,z_only,1,6.6564948594996105
44,0.02,clean,0,4.283978995743647
44,0.02,clean,0,3.8587113721600845
44,0.02,clean,0,3.7397577675132574
44,0.02,clean,0,4.613129648435551
44,0.02,clean,0,4.099888684359028
44,0.02,clean,0,3.4740911554600356
44,0.02,clean,0,3.4658141553822794
44,0.02,clean,0,4.6475953588461625
44,0.02,clean,0,4.13842455341576
44,0.02,clean,0,3.9789478128242184
44,0.02,clean,0,4.135802709956122
44,0.02,clean,0,4.436979543769731
44,0.02,clean,0,3.437647392402782
44,0.02,clean,0,3.5125945434237895
44,0.02,clean,0,3.7295007315951563
44,0.02,zz_full,1,5.691452868877669
44,0.02,zz_full,1,6.557274521743904
44,0.02,zz_full,1,6.5966988485892575
44,0.02,zz_full,1,6.462489221612404
44,0.02,zz_full,1,6.159565735648737
44,0.02,zz_full,1,6.224805811583073
44,0.02,zz_full,1,6.295356629323442
44,0.02,zz_full,1,6.358230460294914
44,0.02,zz_full,1,7.210017081332646
44,0.02,zz_full,1,6.0037118712924356
44,0.02,zz_full,1,6.288175039374037
44,0.02,zz_full,1,5.9569566465924595
44,0.02,zz_full,1,6.343594359511381
44,0.02,zz_full,1,6.449029846880951
44,0.02,zz_full,1,6.378566364201045
44,0.02,z_only,1,6.043519652819824
44,0.02,z_only,1,6.937452231668308
44,0.02,z_only,1,6.196050961479538
44,0.02,z_only,1,6.397410078838633
44,0.02,z_only,1,5.989066024019067
44,0.02,z_only,1,6.311539746795035
44,0.02,z_only,1,6.007563567552577
44,0.02,z_only,1,6.068311674917858
44,0.02,z_only,1,5.967667843561277
44,0.02,z_only,1,5.62265202411446
44,0.02,z_only,1,6.680870136782528
44,0.02,z_only,1,6.513850211651337
44,0.02,z_only,1,6.214386946574123
44,0.02,z_only,1,6.017927488862908
44,0.02,z_only,1,5.9307110615781475
44,0.05,clean,0,4.318456690693644
44,0.05,clean,0,3.9191031791853432
44,0.05,clean,0,3.937680339114444
44,0.05,clean,0,3.9604754060669896
44,0.05,clean,0,4.153170642201218
44,0.05,clean,0,4.53135008561549
44,0.05,clean,0,3.917941622541045
44,0.05,clean,0,3.3851807415342225
44,0.05,clean,0,3.7823833063687466
44,0.05,clean,0,3.539821659646368
44,0.05,clean,0,4.034904306491816
44,0.05,clean,0,3.648929474741121
44,0.05,clean,0,3.8829685103200444
44,0.05,clean,0,3.635812406774153
44,0.05,clean,0,3.6431363406296766
44,0.05,zz_full,1,5.996114887115399
44,0.05,zz_full,1,5.959863024433395
44,0.05,zz_full,1,6.245906171612483
44,0.05,zz_full,1,5.980631448895814
44,0.05,zz_full,1,5.913688010974205
44,0.05,zz_full,1,6.272932133940191
44,0.05,zz_full,1,6.003346840377409
44,0.05,zz_full,1,6.190972325728959
44,0.05,zz_full,1,6.301426455337822
44,0.05,zz_full,1,6.044989167351714
44,0.05,zz_full,1,6.425799232207929
44,0.05,zz_full,1,6.0991635407780755
44,0.05,zz_full,1,6.074289241445346
44,0.05,zz_full,1,6.326879311734713
44,0.05,zz_full,1,5.565779403489162
44,0.05,z_only,1,6.177508961316999
44,0.05,z_only,1,5.879027412334497
44,0.05,z_only,1,5.9523061160060005
44,0.05,z_only,1,5.717589677520243
44,0.05,z_only,1,5.916017100531962
44,0.05,z_only,1,6.061187711000165
44,0.05,z_only,1,6.254123838290238
44,0.05,z_only,1,6.075259488196879
44,0.05,z_only,1,5.972897007692392
44,0.05,z_only,1,5.429270774336845
44,0.05,z_only,1,5.909621384155618
44,0.05,z_only,1,6.508799774224605
44,0.05,z_only,1,6.204518333051087
44,0.05,z_only,1,5.750239771147175
44,0.05,z_only,1,6.458815159146386
44,0.1,clean,0,3.8304301619795487
44,0.1,clean,0,4.227720537608386
44,0.1,clean,0,3.8718294110663853
44,0.1,clean,0,3.61822874834938
44,0.1,clean,0,4.288396644439173
44,0.1,clean,0,4.137200095661677
44,0.1,clean,0,3.808025802158411
44,0.1,clean,0,3.6360693320463238
44,0.1,clean,0,4.105332695904229
44,0.1,clean,0,3.900376038515917
44,0.1,clean,0,4.18010930038802
44,0.1,clean,0,4.209305136557273
44,0.1,clean,0,3.9696599084191653
44,0.1,clean,0,4.0179878679356245
44,0.1,clean,0,3.7592036598879153
44,0.1,zz_full,1,5.373477280350022
44,0.1,zz_full,1,5.09865343552848
44,0.1,zz_full,1,5.9457618572095665
44,0.1,zz_full,1,5.1917460485941875
44,0.1,zz_full,1,5.616622271269029
44,0.1,zz_full,1,5.567817068811942
44,0.1,zz_full,1,5.205511884799322
44,0.1,zz_full,1,5.821659472391619
44,0.1,zz_full,1,5.9864033405039505
44,0.1,zz_full,1,5.861588923626418
44,0.1,zz_full,1,6.255533330113043
44,0.1,zz_full,1,5.859847929452778
44,0.1,zz_full,1,5.855204715714188
44,0.1,zz_full,1,5.964143900539037
44,0.1,zz_full,1,6.294322566965871
44,0.1,z_only,1,5.410983490780222
44,0.1,z_only,1,6.637022741462558
44,0.1,z_only,1,5.7596586296025
44,0.1,z_only,1,6.2324167356500615
44,0.1,z_only,1,5.909900774181685
44,0.1,z_only,1,5.912308335762321
44,0.1,z_only,1,5.657443295114396
44,0.1,z_only,1,5.804540410649233
44,0.1,z_only,1,5.705853686600404
44,0.1,z_only,1,6.346935053324399
44,0.1,z_only,1,5.704431625075248
44,0.1,z_only,1,5.9709289621450194
44,0.1,z_only,1,5.731004410819885
44,0.1,z_only,1,4.715776089941248
44,0.1,z_only,1,5.357677992427927
45,0.0,clean,0,3.6945742565321438
45,0.0,clean,0,4.457780247109925
45,0.0,clean,0,3.7510653150729163
45,0.0,clean,0,3.468036818801784
45,0.0,clean,0,3.3641071390913457
45,0.0,clean,0,3.766984920667861
45,0.0,clean,0,3.8340554248282466
45,0.0,clean,0,3.9426723867017874
45,0.0,clean,0,4.356081280835781
45,0.0,clean,0,3.8053473565117244
45,0.0,clean,0,2.9013565932892473
45,0.0,clean,0,3.6734913672240115
45,0.0,clean,0,3.7294455862015723
45,0.0,clean,0,3.6290885258410475
45,0.0,clean,0,3.400719114209338
45,0.0,zz_full,1,6.834820755469532
45,0.0,zz_full,1,6.160297983934029
45,0.0,zz_full,1,5.882915163784757
45,0.0,zz_full,1,5.951714773515872
45,0.0,zz_full,1,6.8398044909362445
45,0.0,zz_full,1,6.518827261067137
45,0.0,zz_full,1,6.327665477363179
45,0.0,zz_full,1,6.4010039102385505
45,0.0,zz_full,1,6.22526138932664
45,0.0,zz_full,1,6.244173041770381
45,0.0,zz_full,1,6.669501036742091
45,0.0,zz_full,1,6.016078660472861
45,0.0,zz_full,1,6.016703959334354
45,0.0,zz_full,1,5.868406563954239
45,0.0,zz_full,1,6.136421096973007
45,0.0,z_only,1,5.543354837645373
45,0.0,z_only,1,5.401307652399478
45,0.0,z_only,1,5.261603275137791
45,0.0,z_only,1,5.768937628582605
45,0.0,z_only,1,6.1935567444069175
45,0.0,z_only,1,5.610633376173386
45,0.0,z_only,1,5.10553932685729
45,0.0,z_only,1,6.253931709411251
45,0.0,z_only,1,5.690640073566363
45,0.0,z_only,1,5.800064316567255
45,0.0,z_only,1,5.284527810899237
45,0.0,z_only,1,5.759587147411914
45,0.0,z_only,1,6.076783813184116
45,0.0,z_only,1,6.366158701568122
45,0.0,z_only,1,5.578523862459707
45,0.01,clean,0,4.392031713868093
45,0.01,clean,0,3.751651770179338
45,0.01,clean,0,3.963077672004953
45,0.01,clean,0,3.6200598700371502
45,0.01,clean,0,3.3687715687959625
45,0.01,clean,0,3.650322573922107
45,0.01,clean,0,3.8765003051896394
45,0.01,clean,0,3.589003779106086
45,0.01,clean,0,4.345352896162283
45,0.01,clean,0,4.154613658741412
45,0.01,clean,0,4.1458767490706485
45,0.01,clean,0,4.148046100014905
45,0.01,clean,0,3.8892553507909877
45,0.01,clean,0,3.823916690165142
45,0.01,clean,0,3.2389141137050244
45,0.01,zz_full,1,6.338788301345277
45,0.01,zz_full,1,6.011769220073636
45,0.01,zz_full,1,6.140606916129989
45,0.01,zz_full,1,6.552759800132321
45,0.01,zz_full,1,6.0447780745986455
45,0.01,zz_full,1,6.5348948857405205
45,0.01,zz_full,1,6.711079829816164
45,0.01,zz_full,1,6.297994101190032
45,0.01,zz_full,1,6.596494733608183
45,0.01,zz_full,1,5.689054300283094
45,0.01,zz_full,1,5.682160185757434
45,0.01,zz_full,1,6.124713151208758
45,0.01,zz_full,1,5.92079200966527
45,0.01,zz_full,1,5.755689988881296
45,0.01,zz_full,1,5.826320830887558
45,0.01,z_only,1,5.958472080380922
45,0.01,z_only,1,6.038468916974424
45,0.01,z_only,1,5.902620664699619
45,0.01,z_only,1,5.237911517047666
45,0.01,z_only,1,5.640204981171125
45,0.01,z_only,1,5.67308974934179
45,0.01,z_only,1,6.4064296640274545
45,0.01,z_only,1,5.79228333759573
45,0.01,z_only,1,5.911287662987063
45,0.01,z_only,1,6.065124672163007
45,0.01,z_only,1,5.47585088513112
45,0.01,z_only,1,5.962096056193192
45,0.01,z_only,1,6.176819086184818
45,0.01,z_only,1,5.786724495378812
45,0.01,z_only,1,5.656669519075318
45,0.02,clean,0,4.176404213374556
45,0.02,clean,0,4.132771240660977
45,0.02,clean,0,3.751408137420392
45,0.02,clean,0,4.274232585339779
45,0.02,clean,0,3.6890280713793744
45,0.02,clean,0,4.382853109959989
45,0.02,clean,0,4.394510668349325
45,0.02,clean,0,4.045921640504232
45,0.02,clean,0,3.713949636408621
45,0.02,clean,0,3.868644959506433
45,0.02,clean,0,4.183756227518666
45,0.02,clean,0,3.88701856625046
45,0.02,clean,0,3.896783056016309
45,0.02,clean,0,3.910078575826006
45,0.02,clean,0,3.694171510067171
45,0.02,zz_full,1,6.399388318813934
45,0.02,zz_full,1,5.1536647864502925
45,0.02,zz_full,1,5.70479429415997
45,0.02,zz_full,1,5.317183856218907
45,0.02,zz_full,1,6.289694655516814
45,0.02,zz_full,1,6.6333131004333765
45,0.02,zz_full,1,5.903563122396672
45,0.02,zz_full,1,5.589255289698077
45,0.02,zz_full,1,6.53237397715264
45,0.02,zz_full,1,6.013761996828798
45,0.02,zz_full,1,5.792391821676792
45,0.02,zz_full,1,5.688970137819232
45,0.02,zz_full,1,6.286222189152859
45,0.02,zz_full,1,6.306646592821368
45,0.02,zz_full,1,6.028394769714223
45,0.02,z_only,1,5.588331339769289
45,0.02,z_only,1,5.699185380025846
45,0.02,z_only,1,5.980409921310193
45,0.02,z_only,1,5.383109639751282
45,0.02,z_only,1,5.202054430445125
45,0.02,z_only,1,5.563277173312652
45,0.02,z_only,1,6.135435845606619
45,0.02,z_only,1,5.839411381788248
45,0.02,z_only,1,5.683131305197061
45,0.02,z_only,1,5.9950064475847755
45,0.02,z_only,1,5.700990427533707
45,0.02,z_only,1,6.2185390863543555
45,0.02,z_only,1,6.362171234269926
45,0.02,z_only,1,5.12165022978286
45,0.02,z_only,1,5.755682040424232
45,0.05,clean,0,3.558061630283226
45,0.05,clean,0,4.104034564676436
45,0.05,clean,0,4.165595163264122
45,0.05,clean,0,3.8173002947433057
45,0.05,clean,0,4.252630002007144
45,0.05,clean,0,4.435427765254605
45,0.05,clean,0,4.103776908478034
45,0.05,clean,0,4.027837664522863
45,0.05,clean,0,3.979072099064051
45,0.05,clean,0,3.7915554260206443
45,0.05,clean,0,3.8866624390724147
45,0.05,clean,0,4.032782817033878
45,0.05,clean,0,3.6824633978507393
45,0.05,clean,0,4.586155902063892
45,0.05,clean,0,4.161429643672948
45,0.05,zz_full,1,5.535521494196277
45,0.05,zz_full,1,5.707501189770655
45,0.05,zz_full,1,5.740054241560627
45,0.05,zz_full,1,5.861054091894645
45,0.05,zz_full,1,5.332413950087801
45,0.05,zz_full,1,5.498046652682384
45,0.05,zz_full,1,5.495843920117939
45,0.05,zz_full,1,6.082989081260981
45,0.05,zz_full,1,6.504466420451302
45,0.05,zz_full,1,5.4859473237061005
45,0.05,zz_full,1,5.89214850701532
45,0.05,zz_full,1,5.748040446591609
45,0.05,zz_full,1,5.38344883193026
45,0.05,zz_full,1,6.3687366990733105
45,0.05,zz_full,1,6.416581865290282
45,0.05,z_only,1,5.6137015159931725
45,0.05,z_only,1,5.793033352474756
45,0.05,z_only,1,5.685106970574978
45,0.05,z_only,1,5.713827953148102
45,0.05,z_only,1,6.128551043852872
45,0.05,z_only,1,5.621483330870738
45,0.05,z_only,1,5.3706133267593925
45,0.05,z_only,1,5.0183796612871685
45,0.05,z_only,1,5.489112648632154
45,0.05,z_only,1,5.50982620349454
45,0.05,z_only,1,5.125931136484742
45,0.05,z_only,1,5.823913319514292
45,0.05,z_only,1,5.3772917637572615
45,0.05,z_only,1,5.571566986188654
45,0.05,z_only,1,5.354123235453486
45,0.1,clean,0,4.493021289343602
45,0.1,clean,0,4.02661601097756
45,0.1,clean,0,4.485575507304134
45,0.1,clean,0,3.928509157000016
45,0.1,clean,0,4.420523646436278
45,0.1,clean,0,3.8677940564240845
45,0.1,clean,0,4.289804312767507
45,0.1,clean,0,3.9087110496382835
45,0.1,clean,0,4.032046250790302
45,0.1,clean,0,3.7767514804338855
45,0.1,clean,0,3.9664315306889084
45,0.1,clean,0,3.9452021649181233
45,0.1,clean,0,3.5609393818876365
45,0.1,clean,0,3.2524952332029087
45,0.1,clean,0,4.29468001880972
45,0.1,zz_full,1,5.305704853533379
45,0.1,zz_full,1,6.020668790020473
45,0.1,zz_full,1,4.773070616092845
45,0.1,zz_full,1,5.442981329490812
45,0.1,zz_full,1,6.210233022774812
45,0.1,zz_full,1,5.6798275297671985
45,0.1,zz_full,1,5.296153037159062
45,0.1,zz_full,1,5.540352947348995
45,0.1,zz_full,1,5.760369445899562
45,0.1,zz_full,1,5.44366968478723
45,0.1,zz_full,1,5.772700399962862
45,0.1,zz_full,1,5.450430173657119
45,0.1,zz_full,1,5.614712486919339
45,0.1,zz_full,1,5.67008232988778
45,0.1,zz_full,1,6.474771189667955
45,0.1,z_only,1,5.594833633933107
45,0.1,z_only,1,5.629370548964978
45,0.1,z_only,1,5.671724104889517
45,0.1,z_only,1,5.0368637655852515
45,0.1,z_only,1,6.035818353993912
45,0.1,z_only,1,4.73020355078595
45,0.1,z_only,1,5.83578262839318
45,0.1,z_only,1,5.2457387716099975
45,0.1,z_only,1,5.697886046611828
45,0.1,z_only,1,5.915551889059232
45,0.1,z_only,1,5.376061511283847
45,0.1,z_only,1,5.472231132059108
45,0.1,z_only,1,5.78806576571548
45,0.1,z_only,1,5.951311679521512
45,0.1,z_only,1,5.04659599933233
46,0.0,clean,0,3.576377647309883
46,0.0,clean,0,3.7501320936722076
46,0.0,clean,0,3.4582787608208188
46,0.0,clean,0,3.798242858601033
46,0.0,clean,0,3.552542242423849
46,0.0,clean,0,4.443146231448532
46,0.0,clean,0,3.332920798384284
46,0.0,clean,0,4.323431333175101
46,0.0,clean,0,4.201656545793875
46,0.0,clean,0,3.730987549247016
46,0.0,clean,0,3.242751869613686
46,0.0,clean,0,3.6670731165485373
46,0.0,clean,0,4.003225492751728
46,0.0,clean,0,3.878887699226293
46,0.0,clean,0,3.1232223744952625
46,0.0,zz_full,1,5.876657690677426
46,0.0,zz_full,1,6.765068431151793
46,0.0,zz_full,1,5.925932337924815
46,0.0,zz_full,1,5.911068507669743
46,0.0,zz_full,1,6.698602788980087
46,0.0,zz_full,1,6.26394785664504
46,0.0,zz_full,1,6.289764366564429
46,0.0,zz_full,1,5.858728187247991
46,0.0,zz_full,1,6.778889497610992
46,0.0,zz_full,1,6.1279922333388
46,0.0,zz_full,1,6.273068814083958
46,0.0,zz_full,1,5.702916742820746
46,0.0,zz_full,1,6.361826122267785
46,0.0,zz_full,1,5.252741992869879
46,0.0,zz_full,1,6.070039407623889
46,0.0,z_only,1,6.391767748027443
46,0.0,z_only,1,5.503621647167843
46,0.0,z_only,1,6.255265291990471
46,0.0,z_only,1,6.159530889422351
46,0.0,z_only,1,6.325066370535352
46,0.0,z_only,1,6.406035356291556
46,0.0,z_only,1,6.052559822202076
46,0.0,z_only,1,6.652812476559479
46,0.0,z_only,1,6.313565454173497
46,0.0,z_only,1,6.107774393848994
46,0.0,z_only,1,6.02103207490468
46,0.0,z_only,1,5.728292064342751
46,0.0,z_only,1,5.893541919051448
46,0.0,z_only,1,6.405411763037107
46,0.0,z_only,1,5.555268649052669
46,0.01,clean,0,4.184006242988982
46,0.01,clean,0,4.529899823521011
46,0.01,clean,0,4.465642214152226
46,0.01,clean,0,4.011860656900118
46,0.01,clean,0,4.72793463416184
46,0.01,clean,0,4.010130330858961
46,0.01,clean,0,3.755856525887681
46,0.01,clean,0,3.6071789639560974
46,0.01,clean,0,3.955883840256667
46,0.01,clean,0,4.129371741944611
46,0.01,clean,0,3.8821832303147272
46,0.01,clean,0,3.818755088975406
46,0.01,clean,0,4.180083736698423
46,0.01,clean,0,3.838658699037326
46,0.01,clean,0,3.769579667630801
46,0.01,zz_full,1,6.4156620723565885
46,0.01,zz_full,1,6.354697752831432
46,0.01,zz_full,1,5.380275148634888
46,0.01,zz_full,1,5.479920728001863
46,0.01,zz_full,1,6.220606487415509
46,0.01,zz_full,1,5.400322887434384
46,0.01,zz_full,1,5.9580405635442615
46,0.01,zz_full,1,5.283516996261965
46,0.01,zz_full,1,6.241557841601568
46,0.01,zz_full,1,6.591847293651058
46,0.01,zz_full,1,5.4577774913609325
46,0.01,zz_full,1,5.940256233699516
46,0.01,zz_full,1,6.622882248938749
46,0.01,zz_full,1,6.122846239789745
46,0.01,zz_full,1,5.420532959571674
46,0.01,z_only,1,5.828980363436776
46,0.01,z_only,1,5.74988109584577
46,0.01,z_only,1,5.62806310396174
46,0.01,z_only,1,6.268554643976218
46,0.01,z_only,1,6.003328624087525
46,0.01,z_only,1,4.555623064566919
46,0.01,z_only,1,5.2901535139906315
46,0.01,z_only,1,5.218845682657144
46,0.01,z_only,1,5.419337027067762
46,0.01,z_only,1,5.913709113096615
46,0.01,z_only,1,5.774565134793817
46,0.01,z_only,1,6.331288161403214
46,0.01,z_only,1,6.187460931263087
46,0.01,z_only,1,5.768250806231996
46,0.01,z_only,1,6.590776547724408
46,0.02,clean,0,3.7060006879427263
46,0.02,clean,0,3.7576470240037625
46,0.02,clean,0,3.791777633900188
46,0.02,clean,0,3.4801712028413783
46,0.02,clean,0,3.960036993952826
46,0.02,clean,0,3.3060599638254136
46,0.02,clean,0,3.699368270699942
46,0.02,clean,0,3.5726571605742428
46,0.02,clean,0,3.871964841266713
46,0.02,clean,0,3.8033202259578265
46,0.02,clean,0,4.1056695827814655
46,0.02,clean,0,3.389996937885799
46,0.02,clean,0,3.7918342254803172
46,0.02,clean,0,4.007592610870996
46,0.02,clean,0,3.937195329501623
46,0.02,zz_full,1,5.618409753465015
46,0.02,zz_full,1,5.689836603947217
46,0.02,zz_full,1,6.165329564009214
46,0.02,zz_full,1,6.018108128774574
46,0.02,zz_full,1,5.930004040577847
46,0.02,zz_full,1,6.223409913399079
46,0.02,zz_full,1,6.406070993481067
46,0.02,zz_full,1,6.732073046262507
46,0.02,zz_full,1,6.078501443447032
46,0.02,zz_full,1,5.79685436544825
46,0.02,zz_full,1,6.1399273459841845
46,0.02,zz_full,1,6.280574712439916
46,0.02,zz_full,1,5.635041085524929
46,0.02,zz_full,1,6.079177225912666
46,0.02,zz_full,1,5.928603071086685
46,0.02,z_only,1,5.754102530663658
46,0.02,z_only,1,5.6506200420133545
46,0.02,z_only,1,5.655183156792538
46,0.02,z_only,1,5.9670110695746255
46,0.02,z_only,1,6.05420560798829
46,0.02,z_only,1,5.811585272306608
46,0.02,z_only,1,6.499503844199518
46,0.02,z_only,1,5.479057802611308
46,0.02,z_only,1,5.8469462481028245
46,0.02,z_only,1,6.059481598764036
46,0.02,z_only,1,6.334464695721491
46,0.02,z_only,1,5.1815191961799645
46,0.02,z_only,1,5.653904042725822
46,0.02,z_only,1,6.0678397698746895
46,0.02,z_only,1,6.245951729229983
46,0.05,clean,0,3.6828705403997666
46,0.05,clean,0,3.899015160402603
46,0.05,clean,0,3.9862739729836094
46,0.05,clean,0,3.4783996295363546
46,0.05,clean,0,4.05849307905077
46,0.05,clean,0,3.6957260922786563
46,0.05,clean,0,3.6750255920829393
46,0.05,clean,0,3.8539532128311325
46,0.05,clean,0,4.143703112178573
46,0.05,clean,0,4.289019129142436
46,0.05,clean,0,3.851681814491462
46,0.05,clean,0,3.999344727689115
46,0.05,clean,0,3.4689985208266854
46,0.05,clean,0,4.277552997312309
46,0.05,clean,0,3.248555084150459
46,0.05,zz_full,1,5.757120127052837
46,0.05,zz_full,1,5.339421501036045
46,0.05,zz_full,1,6.206433322479794
46,0.05,zz_full,1,5.6582700254527785
46,0.05,zz_full,1,5.681206728952232
46,0.05,zz_full,1,5.989039690202799
46,0.05,zz_full,1,5.997869888179285
46,0.05,zz_full,1,6.117123453682436
46,0.05,zz_full,1,5.958880821969349
46,0.05,zz_full,1,6.359876944460354
46,0.05,zz_full,1,6.1039584166213645
46,0.05,zz_full,1,6.414834427408269
46,0.05,zz_full,1,5.8588680815496605
46,0.05,zz_full,1,5.961579207735393
46,0.05,zz_full,1,5.4797209349142335
46,0.05,z_only,1,6.338549646839578
46,0.05,z_only,1,5.179951365574329
46,0.05,z_only,1,5.908007505550134
46,0.05,z_only,1,5.804537468542146
46,0.05,z_only,1,6.001217289007082
46,0.05,z_only,1,5.843254240288465
46,0.05,z_only,1,6.27541305789682
46,0.05,z_only,1,4.8413262052914146
46,0.05,z_only,1,5.510910300281834
46,0.05,z_only,1,6.1231478900165275
46,0.05,z_only,1,5.779867325672758
46,0.05,z_only,1,6.462286912368834
46,0.05,z_only,1,6.322051212668457
46,0.05,z_only,1,5.59486883453772
46,0.05,z_only,1,6.139452322368043
46,0.1,clean,0,3.806891960755162
46,0.1,clean,0,4.2106330091157
46,0.1,clean,0,4.3174832477477905
46,0.1,clean,0,4.03243616995926
46,0.1,clean,0,3.8701345379093373
46,0.1,clean,0,3.97625725779871
46,0.1,clean,0,3.866203856976961
46,0.1,clean,0,4.197892620256297
46,0.1,clean,0,3.2658204036772105
46,0.1,clean,0,4.078306156654665
46,0.1,clean,0,4.105099940621631
46,0.1,clean,0,4.170249750269427
46,0.1,clean,0,4.010361356592032
46,0.1,clean,0,4.058609856444706
46,0.1,clean,0,4.408054728582597
46,0.1,zz_full,1,5.5980451580708985
46,0.1,zz_full,1,5.91121801847995
46,0.1,zz_full,1,5.460357509885619
46,0.1,zz_full,1,5.699060886243508
46,0.1,zz_full,1,5.778311613177064
46,0.1,zz_full,1,5.887422547362724
46,0.1,zz_full,1,5.616562495122717
46,0.1,zz_full,1,5.485779976834046
46,0.1,zz_full,1,5.705597317573196
46,0.1,zz_full,1,5.234779982895342
46,0.1,zz_full,1,5.624666059687757
46,0.1,zz_full,1,6.112258022763633
46,0.1,zz_full,1,5.323042198866083
46,0.1,zz_full,1,5.84424580693654
46,0.1,zz_full,1,5.944584368451662
46,0.1,z_only,1,5.961570074770985
46,0.1,z_only,1,6.256583460539881
46,0.1,z_only,1,5.50449109731602
46,0.1,z_only,1,5.445629036827995
46,0.1,z_only,1,5.05154284454121
46,0.1,z_only,1,5.333044346475705
46,0.1,z_only,1,5.743488241205818
46,0.1,z_only,1,5.468383494220173
46,0.1,z_only,1,5.746746874303553
46,0.1,z_only,1,5.726638047973389
46,0.1,z_only,1,5.9760129944990075
46,0.1,z_only,1,5.155380256149197
46,0.1,z_only,1,5.624314521272914
46,0.1,z_only,1,5.921312526257125
46,0.1,z_only,1,5.339676088650805
