seed,condition,label,score_manifold,score_naive_offdiag,score_trace_distance
42,clean,0,4.162111793483294,7.284317290461275,0.243939318550222
42,clean,0,3.954241026890327,7.0022144010221705,0.26868924558980734
42,clean,0,3.916245021857389,7.24429991257734,0.25820548327164194
42,clean,0,3.7063710031676416,7.258461309096656,0.256017896820955
42,clean,0,3.987848852503279,7.261488059954902,0.2622177078862653
42,clean,0,3.969659061324159,7.791521450033523,0.27446939989536856
42,clean,0,3.781990353027623,7.72299014096411,0.2592591662275543
42,clean,0,4.165895268756134,7.559203694206505,0.259559247325286
42,clean,0,3.589614326125301,6.772806969338514,0.25083754400324076
42,clean,0,4.1788910551047325,7.592304370425656,0.2758170941217381
42,clean,0,4.366387841004149,7.74900857494999,0.2847682046024752
42,clean,0,4.300736011461507,7.513291907275022,0.3034127117958753
42,clean,0,3.5954661559046865,7.148905132206243,0.28673001980793034
42,clean,0,3.8103162972851243,7.173405462285652,0.26114982900472106
42,clean,0,3.6617675964095433,6.958226524721385,0.2568097500857059
42,zz_scale_0.05,1,3.6923587224134424,6.875204032023005,0.2653374735619719
42,zz_scale_0.05,1,3.978183340784522,7.079096485651017,0.28263946280269553
42,zz_scale_0.05,1,4.172732736934081,7.658992789118239,0.28538201401894187
42,zz_scale_0.05,1,3.6490394616161015,7.6215486301378945,0.2675079403481217
42,zz_scale_0.05,1,4.042845465723722,7.223717301955097,0.28180550925203435
42,zz_scale_0.05,1,3.6094430098044104,7.531055594764737,0.29225446960200163
42,zz_scale_0.05,1,3.8141186137547494,7.4416838520801845,0.30242497086340586
42,zz_scale_0.05,1,4.153439816113143,7.634406232844803,0.28340901335978597
42,zz_scale_0.05,1,3.8820778063249843,6.712168659958433,0.2616852225615647
42,zz_scale_0.05,1,4.23570583467984,6.95078227125439,0.2719523057303154
42,zz_scale_0.05,1,3.978946395099886,7.315716902462002,0.2635952550774282
42,zz_scale_0.05,1,3.8178307474565076,6.867413299733496,0.261929168349307
42,zz_scale_0.05,1,4.62214138285621,7.649556598830816,0.2653697890717022
42,zz_scale_0.05,1,4.3968798759455225,7.866433013628068,0.28453210005929447
42,zz_scale_0.05,1,3.884056892997295,7.219801073777247,0.277106383850365
42,zz_scale_0.15,1,4.340893908372354,7.454184235306706,0.2899598398320322
42,zz_scale_0.15,1,4.299929903368106,7.462954949237363,0.2898401531997253
42,zz_scale_0.15,1,4.887069548424445,8.187450941406086,0.30513739679425134
42,zz_scale_0.15,1,3.766457932376507,6.91329448129727,0.2851057298380248
42,zz_scale_0.15,1,4.816441065288964,7.634975684095711,0.28639058253257865
42,zz_scale_0.15,1,3.9703622134716174,7.296287178405998,0.2848406332821759
42,zz_scale_0.15,1,4.145280361267231,7.490886049402522,0.2855527864274018
42,zz_scale_0.15,1,3.961964131073226,7.395263930684232,0.290987127070923
42,zz_scale_0.15,1,5.2188574052360535,8.006646507587867,0.32965236261033776
42,zz_scale_0.15,1,4.519460019379422,8.17239437776715,0.2872351772516706
42,zz_scale_0.15,1,4.180954491882984,7.933805741223682,0.29358013201853694
42,zz_scale_0.15,1,4.5941971681707665,7.667231509509014,0.31655830822963915
42,zz_scale_0.15,1,4.073169471870232,7.833069210427797,0.30229843764510933
42,zz_scale_0.15,1,3.6470548775939293,7.459274900292761,0.2944792965312061
42,zz_scale_0.15,1,4.0286399041974095,7.838394403208038,0.29502896102414744
42,zz_scale_0.3,1,5.601716551148829,8.6581334547864,0.3870660969429794
42,zz_scale_0.3,1,5.12645369298931,9.101085095609411,0.36800355778723753
42,zz_scale_0.3,1,4.715729516630733,8.424517326417089,0.35620771911116034
42,zz_scale_0.3,1,5.611834026961519,8.758639956003739,0.3552525356822147
42,zz_scale_0.3,1,4.648437429497426,8.01707455124999,0.32201780765783394
42,zz_scale_0.3,1,4.826610984857059,8.107034933454283,0.3517894819938861
42,zz_scale_0.3,1,4.477594169933301,8.12053432037897,0.3325434664975577
42,zz_scale_0.3,1,4.955048099681779,8.464426821607226,0.35496305336735573
42,zz_scale_0.3,1,4.851904681494344,8.538496658990454,0.3493588538373412
42,zz_scale_0.3,1,4.796447318438632,8.005809586527642,0.35699979384828634
42,zz_scale_0.3,1,5.410532157657951,8.002133356356437,0.3784630964019336
42,zz_scale_0.3,1,5.329828556314554,9.035683844698701,0.3762059278058997
42,zz_scale_0.3,1,4.94220000338979,7.89849007344571,0.3484872865334676
42,zz_scale_0.3,1,4.737880468192114,8.066134940232248,0.38106339393644867
42,zz_scale_0.3,1,4.705098903261301,8.37100248583223,0.34991540223493467
42,zz_scale_0.6,1,5.7636522530461205,10.192414996115946,0.491287384068663
42,zz_scale_0.6,1,6.319626947415378,10.097359364415873,0.5008604013680825
42,zz_scale_0.6,1,5.545558913570985,9.871670801503925,0.4647875800695306
42,zz_scale_0.6,1,5.818093369673355,10.133690013812707,0.4855280460861398
42,zz_scale_0.6,1,5.59670337024751,10.428075757099036,0.47876552468347644
42,zz_scale_0.6,1,5.539756962814814,9.679179366648837,0.45859826209392085
42,zz_scale_0.6,1,6.36903716654477,9.859434061346537,0.4832268072083793
42,zz_scale_0.6,1,5.847277939984683,9.681899376850966,0.47210356261189207
42,zz_scale_0.6,1,6.44317969068309,10.327251957952905,0.49384238026967703
42,zz_scale_0.6,1,5.774158040571785,10.312172560126966,0.5088579544224505
42,zz_scale_0.6,1,5.647631144265137,9.405594742193951,0.482047137967838
42,zz_scale_0.6,1,6.054417333838931,10.059352611633123,0.4942036550792682
42,zz_scale_0.6,1,5.563582623656404,10.079411100457051,0.5023558131768799
42,zz_scale_0.6,1,5.826061728871173,9.885332347901747,0.46269576275491764
42,zz_scale_0.6,1,5.467614180549611,9.493291112206606,0.48832289489014996
42,zz_scale_1.0,1,6.47292298371754,11.217591028009469,0.5635388213953898
42,zz_scale_1.0,1,5.964921991597644,11.033738783105527,0.5794064511633445
42,zz_scale_1.0,1,5.6648251425254275,10.937766660617369,0.5472267659942118
42,zz_scale_1.0,1,6.273812901971434,11.519266763495075,0.543730631139119
42,zz_scale_1.0,1,5.921498124526008,10.743133763244776,0.5364297609474626
42,zz_scale_1.0,1,5.985945861289227,10.810292585511728,0.5500538068969536
42,zz_scale_1.0,1,6.672960918767389,11.301753201097014,0.558943309976978
42,zz_scale_1.0,1,6.414069220280257,11.273324151201782,0.5416001080952351
42,zz_scale_1.0,1,6.349810169311364,11.245038478712665,0.5635273094162614
42,zz_scale_1.0,1,5.994942710360624,11.037723075758763,0.5398359409254487
42,zz_scale_1.0,1,6.250096450004181,11.398194468086565,0.5625838844514165
42,zz_scale_1.0,1,6.572472588306192,11.479470550177489,0.5683275807412678
42,zz_scale_1.0,1,6.193298768157459,11.495423875339814,0.5685717494508101
42,zz_scale_1.0,1,5.666302593020112,10.668622806491957,0.5273159027410736
42,zz_scale_1.0,1,5.949098071711861,10.709542500381023,0.5414038516306914
42,z_only,1,6.793140044512106,11.720469836464739,0.5942044851800515
42,z_only,1,7.034345154678007,11.38034705775722,0.6080770414650952
42,z_only,1,6.741348055975685,11.057283505169524,0.5898409010226249
42,z_only,1,6.521256874582649,11.270797350548042,0.5822109534881634
42,z_only,1,6.9447004148613765,11.449238400290849,0.5750655125393286
42,z_only,1,6.823270295397278,11.346720251534597,0.5758626078026625
42,z_only,1,6.285784670475969,10.922839911150422,0.5685595238218543
42,z_only,1,6.48756064218942,11.523259931835636,0.5878470253175326
42,z_only,1,6.833675250547955,11.34122232226302,0.5584876310834626
42,z_only,1,6.510237873754023,10.555407877735997,0.5827120135516946
42,z_only,1,6.526402849760691,10.981906488397103,0.5955243117284337
42,z_only,1,6.202289367407254,11.090427988980885,0.5928065838973824
42,z_only,1,6.504113228719823,10.867193315895904,0.5676630807475006
42,z_only,1,7.0356304044948645,11.318575069100175,0.5752061610062448
42,z_only,1,6.41402607095327,11.298677008825022,0.616322489347719
43,clean,0,3.180305860901069,6.359877908354437,0.26037813443534397
43,clean,0,4.227216229607248,6.5314359846865555,0.28362525647771986
43,clean,0,3.6711139817121583,6.2708881788318225,0.26016578686535285
43,clean,0,3.8639553142859664,6.969929517816881,0.28766577772053725
43,clean,0,3.6788044970232208,6.9566051884035724,0.2652006689199401
43,clean,0,3.855203798661379,7.152848332539942,0.2735448410101989
43,clean,0,4.012065114531017,7.222608098705745,0.2429133230090915
43,clean,0,3.9656976825066153,6.899623106493061,0.2592957604158298
43,clean,0,4.116353787912661,6.884140783499438,0.2521909958771523
43,clean,0,3.7968085846160773,6.964363084134361,0.27236409082691426
43,clean,0,4.062072388746887,7.36228801479935,0.2734862239246528
43,clean,0,4.309969695834604,7.493601306412881,0.2653538695566262
43,clean,0,3.768781757958064,6.427277181437336,0.24905038118032422
43,clean,0,3.985767400642819,7.185181946287702,0.28174306891167467
43,clean,0,3.801447871617864,7.204565859293327,0.25223815091039475
43,zz_scale_0.05,1,4.271857917104321,7.379894681890106,0.2688047223102489
43,zz_scale_0.05,1,3.746085416429229,6.951980775693635,0.27590891177967714
43,zz_scale_0.05,1,3.987424301053003,6.387242218208365,0.2546812759630177
43,zz_scale_0.05,1,4.100213102588733,7.069330841589909,0.25112270203896836
43,zz_scale_0.05,1,4.923941444357488,8.0855725278555,0.288960161324063
43,zz_scale_0.05,1,3.323825289174606,6.392533604283395,0.2707362581418792
43,zz_scale_0.05,1,4.099504664122389,7.18647979890408,0.2838101937269348
43,zz_scale_0.05,1,3.891064038316105,6.980417704510568,0.25774911222756947
43,zz_scale_0.05,1,3.6388038144102746,6.405635906034656,0.23643428270180178
43,zz_scale_0.05,1,3.9725527791281428,6.719665274276346,0.26542399485213125
43,zz_scale_0.05,1,4.114167825993121,7.117734324203647,0.26436561936031766
43,zz_scale_0.05,1,3.6916469426228096,7.274226296278135,0.2729123731999381
43,zz_scale_0.05,1,3.890203019519778,6.638073883723733,0.24284700718265134
43,zz_scale_0.05,1,3.6741605933150185,6.849372351722744,0.26261243556418473
43,zz_scale_0.05,1,3.5297478740063957,6.713344593922093,0.25368016535124527
43,zz_scale_0.15,1,4.17039925446967,7.452780326454693,0.29639547994250165
43,zz_scale_0.15,1,4.729076091778647,7.503911070338408,0.2955760893705727
43,zz_scale_0.15,1,4.354367716372883,7.1416327583585995,0.2843371782252715
43,zz_scale_0.15,1,4.96099296615253,7.202324809333941,0.31238371286676525
43,zz_scale_0.15,1,4.618718654412158,7.74731793854109,0.305883638821168
43,zz_scale_0.15,1,4.867569898500857,8.189000988624533,0.33863096272213933
43,zz_scale_0.15,1,4.403441442153224,7.252359310606815,0.29708240769234207
43,zz_scale_0.15,1,4.7804848624019565,7.107070075050787,0.30987844565695744
43,zz_scale_0.15,1,4.617458486760186,7.09594794470295,0.29980557994703716
43,zz_scale_0.15,1,4.98828628905112,7.938400168274167,0.3074553663846118
43,zz_scale_0.15,1,4.5398376235329385,7.708488136992509,0.3152516939663878
43,zz_scale_0.15,1,4.6206010934022,7.2494806779787035,0.30246289063660536
43,zz_scale_0.15,1,4.550511439697894,7.8454741465310995,0.30619804061979006
43,zz_scale_0.15,1,4.49639079628119,7.289350332442502,0.2923034084135068
43,zz_scale_0.15,1,4.4724812418255135,7.478640857455621,0.3107098704266896
43,zz_scale_0.3,1,4.932096553859098,7.86428582108777,0.3773617508995084
43,zz_scale_0.3,1,5.3930350205697914,8.329820961458042,0.3636397996264335
43,zz_scale_0.3,1,5.078986356285895,7.9534902309703694,0.39215252223287594
43,zz_scale_0.3,1,5.2354912839496714,8.514607429800805,0.3969120796708589
43,zz_scale_0.3,1,4.947478262012439,7.953502848766938,0.36515844402930886
43,zz_scale_0.3,1,5.720106280327888,8.555589667776326,0.3951184345005721
43,zz_scale_0.3,1,4.962783045938551,8.42924540532559,0.37812872181836843
43,zz_scale_0.3,1,4.78314479520086,8.281346862517626,0.372806559644109
43,zz_scale_0.3,1,4.97266608939373,8.259692042164255,0.3886397449056093
43,zz_scale_0.3,1,4.864674868790976,7.775973753457854,0.3825151397070202
43,zz_scale_0.3,1,5.648854203876001,8.701209467346299,0.3887402901888446
43,zz_scale_0.3,1,5.5682568722280275,8.879675318510527,0.3900693623187353
43,zz_scale_0.3,1,5.475604571969467,8.330306557113643,0.402584016497446
43,zz_scale_0.3,1,5.9631111497726845,8.583809929199846,0.41042974124517606
43,zz_scale_0.3,1,5.417512576371435,8.728048919588387,0.4103066445253535
43,zz_scale_0.6,1,6.31599370878397,10.879590671018322,0.5557431549482562
43,zz_scale_0.6,1,6.944367670110954,10.401348739477793,0.5516185651491559
43,zz_scale_0.6,1,6.351528411197734,10.03232073766093,0.5362253961085159
43,zz_scale_0.6,1,6.047319123467424,9.941725681752704,0.5257251392154844
43,zz_scale_0.6,1,5.8254165009776475,10.243222190123827,0.5652228484812282
43,zz_scale_0.6,1,6.7417876457844175,10.12601477694927,0.5310447284366995
43,zz_scale_0.6,1,5.957779975369234,10.24051898334436,0.5446587365977089
43,zz_scale_0.6,1,6.2441314949242015,10.022412585430201,0.530596818113337
43,zz_scale_0.6,1,6.209217118457893,10.016486877957124,0.5394412664316581
43,zz_scale_0.6,1,6.740581392284246,10.344331774184287,0.5674939730566909
43,zz_scale_0.6,1,5.921610370625851,9.611272986520591,0.5306929836025274
43,zz_scale_0.6,1,6.556058253001561,10.187838768292893,0.5588716946933945
43,zz_scale_0.6,1,6.1579298562256835,10.564308258905111,0.5539885577984662
43,zz_scale_0.6,1,5.954486801108837,9.76709038186761,0.5252024940548519
43,zz_scale_0.6,1,6.122385245163206,10.048642562084346,0.5074734057042661
43,zz_scale_1.0,1,6.22336185365753,11.001849738251387,0.6118601344239734
43,zz_scale_1.0,1,5.712094659960461,10.306930094487415,0.6057637844520909
43,zz_scale_1.0,1,6.186269665009635,10.530288307853112,0.574985857281928
43,zz_scale_1.0,1,6.074252191402916,10.164558649454047,0.5764359506930758
43,zz_scale_1.0,1,6.684107725569203,10.954517294730993,0.5896858221885295
43,zz_scale_1.0,1,5.9394032684237965,10.97844999687823,0.5980474949272305
43,zz_scale_1.0,1,6.349708503759615,10.461673655531191,0.5876716763449565
43,zz_scale_1.0,1,6.327991376218949,10.691803843099088,0.6092616024930269
43,zz_scale_1.0,1,5.997033594631955,10.129855170924271,0.5838554258140912
43,zz_scale_1.0,1,6.851503577401391,11.139756170621233,0.6011865268845944
43,zz_scale_1.0,1,5.782744362241801,10.171202268614088,0.5751028167251686
43,zz_scale_1.0,1,5.8367012597170325,10.649596368731865,0.5794587725505591
43,zz_scale_1.0,1,6.100710172830009,10.947259240758626,0.6091128271201044
43,zz_scale_1.0,1,6.585351599657009,10.891722669000009,0.5929793661870291
43,zz_scale_1.0,1,5.698307347350528,10.312182610587264,0.5705633081296431
43,z_only,1,6.151389757899763,10.499190046809154,0.5380784049038567
43,z_only,1,5.923031061732289,10.010718457165535,0.5365645981646765
43,z_only,1,5.685496424810026,9.771467307206036,0.5118489026344764
43,z_only,1,5.678725523144199,9.603026135102647,0.5070510483462604
43,z_only,1,6.306791876442926,10.28395806107295,0.5254295637815474
43,z_only,1,5.62258665259426,10.401067992325126,0.5408260829469205
43,z_only,1,5.794073100230608,10.261654067534877,0.5253247666256085
43,z_only,1,5.985343760974161,9.984788970243557,0.5371218846976156
43,z_only,1,5.496461925315339,9.00342355167183,0.5206210938721465
43,z_only,1,6.074900788691484,10.166817948162215,0.5367940951852865
43,z_only,1,5.679072058610633,9.95291026863097,0.5277945675259653
43,z_only,1,5.621109035485532,9.927828062029679,0.5268151461827126
43,z_only,1,5.761193077407268,9.7988542130523,0.5162356836562256
43,z_only,1,5.991045353637578,9.922078927778783,0.5339156095785766
43,z_only,1,5.3484872803268315,9.885117822368594,0.5269017787857203
44,clean,0,3.4497046301524428,7.367341128068802,0.25911578110845807
44,clean,0,4.435479651585798,8.691470466918993,0.29076301983891145
44,clean,0,3.8156725197384778,7.950831432809837,0.23721468135856758
44,clean,0,3.7788976596527117,7.469842952797199,0.2552907820984548
44,clean,0,3.993168245814148,8.27433341826677,0.25548200265362797
44,clean,0,3.9857540383458683,7.683617537597217,0.2701245385053442
44,clean,0,3.6208507882612113,7.712242996927566,0.2546814440200126
44,clean,0,4.544907822907546,8.31480884381381,0.26443226012136695
44,clean,0,4.4867129833468935,8.168153500849787,0.26035476605706975
44,clean,0,3.9152302301260296,7.986953778825462,0.2759638535898201
44,clean,0,3.758990550497058,8.19688246814364,0.25621131073667747
44,clean,0,3.4514084473836872,8.288344113905204,0.24362244174305764
44,clean,0,3.499101928932199,7.601973958413763,0.24492704737562093
44,clean,0,4.072644398852653,8.464445076882066,0.2759624327120245
44,clean,0,3.651211153101351,8.038573517837992,0.27363713903280407
44,zz_scale_0.05,1,4.306493579483905,7.8714039375365195,0.29498417439809654
44,zz_scale_0.05,1,4.229340958701266,8.432816930528023,0.2763815116812326
44,zz_scale_0.05,1,3.8043059432582007,7.780461096482737,0.2447591638337978
44,zz_scale_0.05,1,3.4896964338898324,7.8494276890029715,0.2679967399675849
44,zz_scale_0.05,1,4.166237955834853,8.905226920358217,0.29942862871866915
44,zz_scale_0.05,1,3.9069752165446543,7.711449708842222,0.2594932781149948
44,zz_scale_0.05,1,4.374761154911959,8.176029128167302,0.26668405826979324
44,zz_scale_0.05,1,3.3367494287537296,7.494885919962051,0.25035090708796237
44,zz_scale_0.05,1,4.181837021038562,8.075826907168766,0.26311457859223647
44,zz_scale_0.05,1,3.716474919172708,7.104810225593908,0.2502658350147002
44,zz_scale_0.05,1,4.331385818038406,8.936977479471848,0.28462274916607067
44,zz_scale_0.05,1,4.460099105350667,8.217498115521487,0.26503401021390915
44,zz_scale_0.05,1,4.661513632150844,8.138685820661344,0.28766782498493887
44,zz_scale_0.05,1,3.9010268365067535,8.724992795644923,0.28943914832373785
44,zz_scale_0.05,1,4.03422010227112,7.29010678669931,0.2436365086009862
44,zz_scale_0.15,1,4.1005070772865455,8.458033493178858,0.2783018679432224
44,zz_scale_0.15,1,4.283042858535552,8.211007727654298,0.3088760784109495
44,zz_scale_0.15,1,3.958250344363687,8.983804368034784,0.2797267514401084
44,zz_scale_0.15,1,4.260399806292258,8.267327428720389,0.31534816907267843
44,zz_scale_0.15,1,4.745185971053645,8.623552085133591,0.3192970468099251
44,zz_scale_0.15,1,5.216223387868956,9.183968066498888,0.3047011942126068
44,zz_scale_0.15,1,4.285425067112726,8.096734283552191,0.3118231607442333
44,zz_scale_0.15,1,4.438906787802959,8.454702524957106,0.3023762663369146
44,zz_scale_0.15,1,4.41871540348896,8.210299699676575,0.3068960896649652
44,zz_scale_0.15,1,3.968978657938988,8.228054428740187,0.3088654678780776
44,zz_scale_0.15,1,4.2331937991553765,8.76231258417305,0.2982354735294741
44,zz_scale_0.15,1,4.711250558508546,9.083883195313952,0.3169807464535055
44,zz_scale_0.15,1,4.333561412625637,8.175097779222593,0.29804241232590656
44,zz_scale_0.15,1,4.903225686991983,8.458921315146439,0.3055965693492275
44,zz_scale_0.15,1,4.514205939098642,8.341846508844876,0.32724218343620237
44,zz_scale_0.3,1,5.122470287211955,8.618389587602103,0.3796830838148974
44,zz_scale_0.3,1,5.279237706304924,9.597834165152443,0.3682025251507216
44,zz_scale_0.3,1,4.814589694742584,9.297951090010681,0.3695619790002403
44,zz_scale_0.3,1,4.99276874427395,9.472443929863175,0.3676959242154582
44,zz_scale_0.3,1,4.382659141140983,8.797820318318443,0.3794549037853151
44,zz_scale_0.3,1,4.8695228933898225,9.243672742464721,0.38555162138455557
44,zz_scale_0.3,1,4.9694495370330305,9.597718542030536,0.3937401595606051
44,zz_scale_0.3,1,4.8163664440190415,8.725493670767442,0.3490438357745403
44,zz_scale_0.3,1,4.551156155098333,8.711735571449514,0.3556916601504268
44,zz_scale_0.3,1,5.3277918148587355,8.919376404113194,0.3702666100670632
44,zz_scale_0.3,1,4.947207212846596,9.07942228884467,0.3844639850012744
44,zz_scale_0.3,1,5.158831070620276,9.752643563893457,0.3680356560278115
44,zz_scale_0.3,1,5.274744675005241,8.48210334750723,0.36267775451083456
44,zz_scale_0.3,1,4.915842166252359,8.788022985230421,0.3682437316901799
44,zz_scale_0.3,1,5.057247897606605,9.53949476908298,0.39521464692904795
44,zz_scale_0.6,1,5.586615816608949,10.33339965860148,0.48392415787827014
44,zz_scale_0.6,1,6.337014187607215,11.24445634337045,0.507360191470307
44,zz_scale_0.6,1,5.960530787072538,11.59338620010239,0.5138201403411449
44,zz_scale_0.6,1,5.546516263355612,10.471680137034108,0.4715981819251711
44,zz_scale_0.6,1,6.326014051206505,11.22066785115741,0.49488721223453086
44,zz_scale_0.6,1,5.780632069052983,11.248004078288771,0.49781592769907046
44,zz_scale_0.6,1,5.445446035242675,10.625967282093834,0.48422102582303694
44,zz_scale_0.6,1,6.277096188197743,11.376257371199184,0.5148714697593291
44,zz_scale_0.6,1,5.885512403475262,11.247316220477284,0.4725334812529115
44,zz_scale_0.6,1,5.316815565166908,10.764457649865296,0.5117826207828435
44,zz_scale_0.6,1,5.860547879863069,10.655257310820677,0.5084068334861527
44,zz_scale_0.6,1,6.439782771325924,11.316281944702974,0.5195905004300247
44,zz_scale_0.6,1,6.198720662732483,10.731421513133238,0.5005628874943366
44,zz_scale_0.6,1,6.48483551570915,11.653980042506166,0.5108508765824017
44,zz_scale_0.6,1,5.550078312657392,10.615633497878726,0.46931032224388664
44,zz_scale_1.0,1,5.749865703863065,10.909448035154721,0.5459669712522579
44,zz_scale_1.0,1,6.728949910178152,12.081558260664075,0.5891979858335934
44,zz_scale_1.0,1,7.301895971394697,11.840948407263197,0.5647251927893933
44,zz_scale_1.0,1,6.729517245423399,11.726592338655937,0.5744848641536873
44,zz_scale_1.0,1,6.548270557384324,11.35014157568536,0.5514135272926639
44,zz_scale_1.0,1,6.244760918157717,11.550730404428204,0.5819537924302696
44,zz_scale_1.0,1,6.639188453893535,11.832912109263065,0.5650522273190972
44,zz_scale_1.0,1,6.192398607376405,11.749425757201612,0.5634835915064599
44,zz_scale_1.0,1,6.373856478174294,11.850212421638707,0.5593020869295693
44,zz_scale_1.0,1,6.66774094423142,12.166554131494596,0.595347246276726
44,zz_scale_1.0,1,6.6903798898684785,11.636761159484868,0.5642400459020847
44,zz_scale_1.0,1,6.195215039338451,11.576589681367512,0.5509100685569628
44,zz_scale_1.0,1,6.083400292738078,11.72040353956619,0.5746030498518848
44,zz_scale_1.0,1,6.930534475141548,11.987885096683387,0.5751938091595976
44,zz_scale_1.0,1,6.458172531875885,12.080801836435029,0.5753988318303608
44,z_only,1,6.0961291103867286,11.790056352895423,0.5497441780072103
44,z_only,1,6.035292423022147,11.672841492060286,0.5547375349882764
44,z_only,1,6.015202148276691,11.81581908102346,0.5712793784571395
44,z_only,1,6.389135793723705,12.0903410838665,0.5807928429020595
44,z_only,1,5.651943041322778,11.495478246675527,0.5723472205967026
44,z_only,1,5.872166895111784,11.285946339726454,0.5425027550306154
44,z_only,1,5.587784672430132,11.434135822148775,0.5674161573347682
44,z_only,1,6.297201457131484,11.828102923102389,0.5786706729034923
44,z_only,1,6.197153809352681,11.48943572228204,0.5706563162114446
44,z_only,1,6.931728655459196,12.22826154412344,0.5853611512976127
44,z_only,1,6.151578146254377,12.152708462260104,0.5802387117148624
44,z_only,1,6.220026083523119,12.319130005928706,0.570255426066398
44,z_only,1,6.420088112383547,11.825524745260681,0.5699470647052127
44,z_only,1,6.2678490981541275,12.262138342783555,0.5951325021682992
44,z_only,1,6.315971646323469,11.9950380060882,0.575097582512861
45,clean,0,4.524770824924735,7.652679092494853,0.2717077799419549
45,clean,0,3.94680417788843,7.2243046351450255,0.2664706075850177
45,clean,0,4.306071199921184,7.425199113615129,0.2741311721140832
45,clean,0,3.559127448454152,7.6359523854838995,0.2801505551855125
45,clean,0,3.8740570749219874,7.9693231666511615,0.2618902894396923
45,clean,0,3.9830589409385895,7.174219303554655,0.26229369169834316
45,clean,0,3.7934342911708003,8.020663520085877,0.2649659689597148
45,clean,0,4.009523079239328,8.425491499840906,0.294798014603077
45,clean,0,3.6476113800748755,7.3487855987145485,0.2711653748621594
45,clean,0,3.4822937989828566,7.111719689286168,0.29346969124631417
45,clean,0,3.4856786508272823,7.284898238779,0.26255721639682994
45,clean,0,3.5365434711835397,7.250250145489105,0.25064892490954155
45,clean,0,3.8494368521831164,7.327916358247035,0.26007617833000196
45,clean,0,4.046543538107479,7.177292499591332,0.26039426956793377
45,clean,0,3.680785146290808,6.937198189275411,0.26338109170485036
45,zz_scale_0.05,1,3.692925614754403,7.409382068840611,0.25736114036471774
45,zz_scale_0.05,1,4.188807143527977,7.453535278333576,0.27500407862240495
45,zz_scale_0.05,1,3.9803096008923684,7.648290605647465,0.26278154407396126
45,zz_scale_0.05,1,4.484328464381585,8.031110188740175,0.27840096086729016
45,zz_scale_0.05,1,4.187569607575951,7.744926695119035,0.2701070403808828
45,zz_scale_0.05,1,3.902743638964914,7.235572413697873,0.27524157866358523
45,zz_scale_0.05,1,4.007591577993599,7.75858789045211,0.2876997358667378
45,zz_scale_0.05,1,3.9040525608596597,7.551922049774614,0.2631032541663939
45,zz_scale_0.05,1,3.897641894646081,7.902035370724323,0.2666668538725335
45,zz_scale_0.05,1,3.6661937364756296,7.326640850507628,0.2673525526123776
45,zz_scale_0.05,1,3.5928759812978233,6.898576456980624,0.2624640375932208
45,zz_scale_0.05,1,3.3073767109578913,7.344789340652954,0.26440226012977275
45,zz_scale_0.05,1,3.9923585586098387,7.580156475784965,0.26460941118333714
45,zz_scale_0.05,1,3.6989244807370127,7.277183101488717,0.2618188618584854
45,zz_scale_0.05,1,3.596807793677031,7.286652880162695,0.27939771094355614
45,zz_scale_0.15,1,3.92717430309842,7.313052175964846,0.3094281715696069
45,zz_scale_0.15,1,4.03860082706416,7.3756000025677615,0.29958940364552394
45,zz_scale_0.15,1,4.513305760584645,7.971950475447745,0.3259420870180261
45,zz_scale_0.15,1,5.21654062737987,8.380359197889906,0.3194213237832657
45,zz_scale_0.15,1,4.020923157171409,7.275929751386138,0.30423165379802924
45,zz_scale_0.15,1,4.4362984104560805,7.604303312379571,0.30865072714042585
45,zz_scale_0.15,1,4.501610076713361,7.667445430741664,0.29492155922039287
45,zz_scale_0.15,1,4.551464717863042,8.398663761124617,0.32526100110554046
45,zz_scale_0.15,1,4.968196054977436,8.426083484867597,0.32864056674620223
45,zz_scale_0.15,1,4.732137563123762,7.9799137873218235,0.32431327546264876
45,zz_scale_0.15,1,4.529589982176379,8.491592109428458,0.28639461954606066
45,zz_scale_0.15,1,4.757225300925234,8.11877246674594,0.3370682095540982
45,zz_scale_0.15,1,5.000811087406227,7.921759237591801,0.34279559970208295
45,zz_scale_0.15,1,4.475981338465451,7.8310673360428105,0.30133719108700036
45,zz_scale_0.15,1,4.042416633941201,7.80532040643412,0.3021583688637126
45,zz_scale_0.3,1,4.840254852945446,8.151207858051302,0.38565539369199514
45,zz_scale_0.3,1,5.157500188242922,8.972978696932248,0.412569549860585
45,zz_scale_0.3,1,5.864234971439287,9.12273101080282,0.3977796029459939
45,zz_scale_0.3,1,4.698028808213239,8.671142200277496,0.38276181793878805
45,zz_scale_0.3,1,5.1868956189683475,9.119702854959284,0.36732166387426385
45,zz_scale_0.3,1,5.325087435417481,8.38563718899493,0.396177383538932
45,zz_scale_0.3,1,4.934687850181505,8.74311813874271,0.38896418867675026
45,zz_scale_0.3,1,4.755323716557827,8.136989358599774,0.3604318176898106
45,zz_scale_0.3,1,5.350212267630187,9.034022954191451,0.4131237803974357
45,zz_scale_0.3,1,5.441808368481396,8.901072045325236,0.40506227289366503
45,zz_scale_0.3,1,5.499132761645484,9.01389546673468,0.4277830319848603
45,zz_scale_0.3,1,5.258191765119349,9.303722321664404,0.4109209453530994
45,zz_scale_0.3,1,5.255352223071983,9.261658364669893,0.38145444067460077
45,zz_scale_0.3,1,5.155471679336921,9.007187852885016,0.3969696847307721
45,zz_scale_0.3,1,4.871187144759784,9.163160415027813,0.3880270653908853
45,zz_scale_0.6,1,6.346687019157789,10.216449237599875,0.5375483859175997
45,zz_scale_0.6,1,5.9285108646342115,10.680113299918206,0.5561348694295873
45,zz_scale_0.6,1,5.862737139885329,10.451338474949592,0.5307013177042352
45,zz_scale_0.6,1,6.055606835096766,11.002901557508455,0.5596408420357486
45,zz_scale_0.6,1,5.507137803179945,10.860561625272886,0.5397600358688763
45,zz_scale_0.6,1,6.073053139595259,10.887335333225911,0.5608256364559422
45,zz_scale_0.6,1,5.529057127267719,10.105895349956644,0.5126526953993562
45,zz_scale_0.6,1,5.984417946665728,10.716465541936735,0.5460338068262237
45,zz_scale_0.6,1,6.177328142877484,10.653124408824882,0.5406568206865933
45,zz_scale_0.6,1,6.007343466485881,9.967082859381183,0.5300245399222361
45,zz_scale_0.6,1,5.959288753952639,11.027738790686794,0.5195251124773729
45,zz_scale_0.6,1,5.994263100797813,10.594258092598709,0.5243966462631532
45,zz_scale_0.6,1,5.736946063450864,10.185481195233814,0.5200050981042823
45,zz_scale_0.6,1,5.268376097968711,10.02232156706687,0.5344303136805697
45,zz_scale_0.6,1,5.979895798870772,10.430530947436193,0.5210001216598288
45,zz_scale_1.0,1,6.930038846891304,11.361946171237019,0.5946194155372964
45,zz_scale_1.0,1,6.5268548493335645,10.726895650535338,0.552760611775685
45,zz_scale_1.0,1,6.39365985713785,10.666449520393567,0.5721441743468358
45,zz_scale_1.0,1,6.696465213550534,11.068958490668916,0.5666910820499524
45,zz_scale_1.0,1,6.678350848423216,11.084870742374996,0.5579067275121423
45,zz_scale_1.0,1,6.82702796423404,10.778489950326136,0.5593499508923214
45,zz_scale_1.0,1,5.893591910385638,10.601218645150587,0.526833283485137
45,zz_scale_1.0,1,6.218085050408054,10.872375943090853,0.5487186816518055
45,zz_scale_1.0,1,6.807341112405928,11.707841097010581,0.582685127744003
45,zz_scale_1.0,1,5.556978966833591,10.776695342882006,0.5727887286096118
45,zz_scale_1.0,1,5.5856067536839475,10.452817475754166,0.5642115825105626
45,zz_scale_1.0,1,6.15639563795372,11.291235246461646,0.6033526207299009
45,zz_scale_1.0,1,5.976296689538162,10.729357591211247,0.5703029032095998
45,zz_scale_1.0,1,6.063775877210761,11.079156044816479,0.5573911618303311
45,zz_scale_1.0,1,6.327603174187656,10.99468407302566,0.5657637863030364
45,z_only,1,5.18279994018178,10.418863445692244,0.5534509522624353
45,z_only,1,5.992297386907646,10.83727633524221,0.5569497936640878
45,z_only,1,5.779450134541488,10.554187998373784,0.5486532861603027
45,z_only,1,6.206715666676764,10.731306973687436,0.5461802768667903
45,z_only,1,5.372480984249185,10.21734915654463,0.5479942140415743
45,z_only,1,5.761940306993124,10.293062815330435,0.5384658708133065
45,z_only,1,5.6441935041563225,10.54459888507487,0.5528869296551762
45,z_only,1,5.973945769713345,10.573868583794553,0.5497401260615987
45,z_only,1,5.314816232859198,9.848615583861612,0.5228492659753656
45,z_only,1,5.883420975102113,10.38790760540066,0.5467162133731928
45,z_only,1,5.856668230784257,10.365504589293502,0.55589672463495
45,z_only,1,5.887495977671617,10.454613961938596,0.5465477103231757
45,z_only,1,5.831421129263328,11.025523224836189,0.558090015057874
45,z_only,1,6.241312293417735,10.711256155523378,0.5555595060671994
45,z_only,1,5.558922655019754,10.463161344588867,0.5493530188976712
46,clean,0,3.456874656928653,8.43115407727804,0.27938633170980887
46,clean,0,3.608386750817367,7.9081169794436486,0.25258932593387345
46,clean,0,3.8930016364766646,9.402055329836191,0.2605450469283167
46,clean,0,4.634932250243277,9.34976276756958,0.2953713620899865
46,clean,0,3.6999367020442353,8.550551935118724,0.25827388426124964
46,clean,0,3.8355721777205387,8.75849058998831,0.2640507067044273
46,clean,0,3.4910651888264215,8.522283638431059,0.2478804066476969
46,clean,0,3.6990739629529448,8.127999650289626,0.25320396796812056
46,clean,0,3.9820274199176127,10.122380444068108,0.2933622903127018
46,clean,0,3.5014488087671087,7.6614390787740305,0.26772186707287704
46,clean,0,3.3983084652119655,8.955091323849148,0.26458960769112916
46,clean,0,4.3818064927031415,9.406540076085486,0.2684626162197251
46,clean,0,3.793660176008142,8.776830061422473,0.25594885832462244
46,clean,0,3.6734450133759284,8.600694334650838,0.26740831498447504
46,clean,0,3.5262379177398766,8.039479067692032,0.26612348713199846
46,zz_scale_0.05,1,3.5865944234207525,7.957501878664881,0.26293585254830143
46,zz_scale_0.05,1,3.9033412926516986,8.939889466372769,0.27993971619460245
46,zz_scale_0.05,1,3.5887884255034583,8.467305936574821,0.2607218723195792
46,zz_scale_0.05,1,4.466862636692947,9.388601731051612,0.2640070167200713
46,zz_scale_0.05,1,3.4566673685331177,8.62940461106768,0.25340317370108556
46,zz_scale_0.05,1,3.7947024416752986,8.429029510063833,0.27899477871705647
46,zz_scale_0.05,1,3.1990064022168627,8.82488883510932,0.27695554230559033
46,zz_scale_0.05,1,4.261250912634119,9.428555224248749,0.2586991387796284
46,zz_scale_0.05,1,4.264846977031917,8.725056181096011,0.2808347787802537
46,zz_scale_0.05,1,3.812737664411669,8.33111648022927,0.2593726719216572
46,zz_scale_0.05,1,4.037046588996731,7.976198229876623,0.25162811703204463
46,zz_scale_0.05,1,4.2954694850771995,9.465877524423815,0.28177146557940036
46,zz_scale_0.05,1,4.254573564198142,9.684277459743354,0.2806464779937158
46,zz_scale_0.05,1,3.7791872707680145,7.706257342698986,0.266166583603508
46,zz_scale_0.05,1,4.022186524085016,9.469295542956669,0.2846310778458893
46,zz_scale_0.15,1,4.61899451794657,9.755164020433336,0.2937699688698142
46,zz_scale_0.15,1,4.438735542637491,9.321667295759552,0.2814384963403421
46,zz_scale_0.15,1,4.7607434435536256,9.224737704698693,0.26866654682893887
46,zz_scale_0.15,1,4.243281136410578,9.162943212966862,0.3125971490066107
46,zz_scale_0.15,1,4.415932129391072,8.480540841757318,0.2812469987283881
46,zz_scale_0.15,1,3.8908898583511378,8.306213490702788,0.2881166655681937
46,zz_scale_0.15,1,4.196199447617531,9.15191843296119,0.28846269734997887
46,zz_scale_0.15,1,4.599217450272159,9.48711519723152,0.29588656615415654
46,zz_scale_0.15,1,3.96428801696123,8.750513855022636,0.291614364487908
46,zz_scale_0.15,1,3.7807294455099507,9.33930150088677,0.29724588040716277
46,zz_scale_0.15,1,4.7226292478245435,8.767594465863478,0.28965081789731617
46,zz_scale_0.15,1,4.025830306787396,8.231752314294559,0.26560751410512495
46,zz_scale_0.15,1,5.15899456927297,9.508091620608994,0.2929969613095927
46,zz_scale_0.15,1,3.83648919298477,8.666834065421073,0.2904449368853731
46,zz_scale_0.15,1,4.262377987450898,9.525611095637869,0.2749955781709994
46,zz_scale_0.3,1,5.118726918665927,9.079535243535162,0.35439241979492586
46,zz_scale_0.3,1,4.349299401856657,9.576063866480043,0.3389565946967181
46,zz_scale_0.3,1,4.914823380041304,9.528451805034544,0.3585502111762675
46,zz_scale_0.3,1,4.298813684613967,9.211911200951013,0.31725882736750943
46,zz_scale_0.3,1,4.359620261734718,8.716889606225475,0.3240139673819763
46,zz_scale_0.3,1,4.416910077048888,8.740039989211404,0.32535607104224107
46,zz_scale_0.3,1,5.027647686790562,9.670904435705532,0.32622021236958854
46,zz_scale_0.3,1,5.2961300072664805,10.106042169401878,0.34464250989851586
46,zz_scale_0.3,1,4.691221280376439,9.44509686286588,0.34178671330907867
46,zz_scale_0.3,1,4.602016632261313,9.495456358392946,0.33436076923124475
46,zz_scale_0.3,1,4.4920905781878995,9.13787092694044,0.34290530669481667
46,zz_scale_0.3,1,4.996679266476793,9.1781292167528,0.3318711475974444
46,zz_scale_0.3,1,4.816663208146828,9.052102298565174,0.33141855421291744
46,zz_scale_0.3,1,4.840972707350139,9.182031201884556,0.35331310064636334
46,zz_scale_0.3,1,4.078423430162339,8.680481770701858,0.3430227604382623
46,zz_scale_0.6,1,5.160227095317391,11.350341503289572,0.45501285502125943
46,zz_scale_0.6,1,5.514533031864133,10.734619751452827,0.4506046650073194
46,zz_scale_0.6,1,5.921190667369552,10.24230486641979,0.48211190794519
46,zz_scale_0.6,1,5.914554407344067,10.790556553479924,0.4677447888295716
46,zz_scale_0.6,1,5.7627816807541405,11.557325707790756,0.4532576544004462
46,zz_scale_0.6,1,5.5323211150413885,11.036096270291802,0.43574282329847747
46,zz_scale_0.6,1,5.275416298405052,10.653413742202947,0.4426234344192066
46,zz_scale_0.6,1,5.672272499092201,11.171798891780401,0.4605147486956263
46,zz_scale_0.6,1,5.411324878177695,10.856465273334845,0.4337140068212376
46,zz_scale_0.6,1,5.695730688162525,11.047025206228676,0.4677526826716857
46,zz_scale_0.6,1,5.243869914148581,9.680062206027943,0.437621985995145
46,zz_scale_0.6,1,5.723941683765996,10.572407729171498,0.4399548025636254
46,zz_scale_0.6,1,5.985260143601056,10.896531538985094,0.47839832898955365
46,zz_scale_0.6,1,5.564149010588837,10.655066768463744,0.4756819001890093
46,zz_scale_0.6,1,5.911699860304827,11.214762317378606,0.47220734053171975
46,zz_scale_1.0,1,5.8354298167222485,11.893513874427706,0.557503673493924
46,zz_scale_1.0,1,6.0418207145853335,12.020404350456145,0.5522260936015808
46,zz_scale_1.0,1,6.889820710185623,12.33780542637936,0.5754133375122137
46,zz_scale_1.0,1,5.848056943851229,11.595175556905293,0.5349684853344135
46,zz_scale_1.0,1,5.970180458456019,12.178319781432121,0.560827156500759
46,zz_scale_1.0,1,6.189811905604257,11.939505112215299,0.5414015934411391
46,zz_scale_1.0,1,6.4401855282740685,12.420088135948165,0.5445405993696298
46,zz_scale_1.0,1,5.432228135869049,10.778620118474699,0.5377411294097154
46,zz_scale_1.0,1,6.145894090976771,11.611937680690433,0.5407116750186552
46,zz_scale_1.0,1,6.296837598128908,11.796133165401926,0.5482345497658389
46,zz_scale_1.0,1,6.080324272785552,11.892885065734168,0.5153625595077209
46,zz_scale_1.0,1,6.02476796312467,11.494491757874702,0.5408017662311762
46,zz_scale_1.0,1,6.024777072693825,11.799203087602692,0.5604725454361941
46,zz_scale_1.0,1,6.227788472218337,11.834877807397806,0.5343650157625641
46,zz_scale_1.0,1,6.277069242117463,12.474426048793847,0.5563249218820183
46,z_only,1,5.6824139386110835,11.563812508421663,0.5181975294424618
46,z_only,1,6.638993790012985,11.958987737737642,0.5412682346372113
46,z_only,1,6.171164733652842,11.906938403306153,0.533510721719546
46,z_only,1,6.026717436791146,11.914936360169945,0.5280765736785078
46,z_only,1,6.743243675003189,11.711253474549343,0.5433707149065623
46,z_only,1,5.715473194497973,11.26657183531121,0.5118524229109491
46,z_only,1,5.549223506421052,11.969001962748981,0.5415709887475376
46,z_only,1,6.541785531812856,12.085724588329146,0.5367868225601506
46,z_only,1,5.498142335521097,11.906010770071543,0.5201727190672543
46,z_only,1,6.801180896778688,12.520541247040622,0.5335331094251442
46,z_only,1,6.211679378293621,11.734077621306163,0.5025657556422093
46,z_only,1,5.6058822480961,11.995685380507815,0.5220886554198009
46,z_only,1,6.215252994232117,11.82634032272205,0.53359055379396
46,z_only,1,6.340850665806941,11.912475614885093,0.5185146673623311
46,z_only,1,6.1837474774677,11.530177978785341,0.5197815028270468
